GUARD 1: DATABASE_URL role=app_user ref=wyixpgunnjmzguhggocz port=5432 · DATABASE_URL_ADMIN role=app_admin ref=wyixpgunnjmzguhggocz port=5432
npm warn config ignoring workspace config at C:\Users\sammy\Projects\DriveCommand\apps\web/.npmrc
▲ Next.js 16.2.1 (Turbopack)
- Local:         http://localhost:3000
- Network:       http://192.168.1.142:3000
- Environments: .env.local
✓ Ready in 693ms
[@sentry/nextjs] DEPRECATION WARNING: disableLogger is deprecated and will be removed in a future version. Use webpack.treeshake.removeDebugLogging instead. (Not supported with Turbopack.)
⚠ The "middleware" file convention is deprecated. Please use "proxy" instead. Learn more: https://nextjs.org/docs/messages/middleware-to-proxy
- Experiments (use with caution):
  · clientTraceMetadata
  · serverActions

 POST /api/auth/login 200 in 3.6s (next.js: 1204ms, proxy.ts: 62ms, application-code: 2.4s)
 POST /api/auth/login 200 in 729ms (next.js: 5ms, proxy.ts: 8ms, application-code: 716ms)
⨯ Error [DriverAdapterError]: tenant context is required: app.current_tenant_id is the EMPTY STRING
    at async e.interpretNode (src\generated\prisma\runtime\client.js:15:43522)
    at async e.interpretNode (src\generated\prisma\runtime\client.js:15:45151)
    at async e.run (src\generated\prisma\runtime\client.js:15:42242)
    at async e.execute (src\generated\prisma\runtime\client.js:61:815)
    at async qt.request (src\generated\prisma\runtime\client.js:62:2327)
    at async Object.singleLoader (src\generated\prisma\runtime\client.js:69:6569)
    at async zr.request (src\generated\prisma\runtime\client.js:69:7061)
    at async a (src\generated\prisma\runtime\client.js:79:5816)
    at async TripsPage (src\app\(owner)\carrier\trips\page.tsx:19:62)
  13 | ...
  14 | ...
> 15 | ...r(let o of n){let s=Sa(o,r.sqlCommenter),a=await this.#l(s,r.queryable,()=>r.queryable....
     |                                               ^
  16 | ...
  17 | ...
  18 | ... {
  clientVersion: '7.6.0',
  digest: '2634114640',
  [cause]: {
    originalCode: 'TC001',
    originalMessage: 'tenant context is required: app.current_tenant_id is the EMPTY STRING',
    kind: 'postgres',
    code: 'TC001',
    severity: 'ERROR',
    message: 'tenant context is required: app.current_tenant_id is the EMPTY STRING',
    detail: 'statement: SELECT "public"."carrier_drivers"."id", "public"."carrier_drivers"."first_name", "public"."carrier_drivers"."last_name" FROM "public"."carrier_drivers" WHERE ("public"."carrier_drivers"."org_id" = $1 AND "public"."carrier_drivers"."status" = $2) ORDER BY "public"."carrier_drivers"."last_name" ASC OFFSET $3',
    column: undefined,
    hint: "This statement ran with no tenant context. Acquire one (getTenantPrisma / getTenantPrismaForOrg / withTenantContext) before querying, or SET app.tenant_context_tripwire = 'off' on this connection."
  }
}
 GET /carrier/trips 500 in 4.4s (next.js: 411ms, proxy.ts: 240ms, application-code: 3.7s)
⨯ Error [PrismaClientKnownRequestError]: 
Invalid `prisma.document.findMany()` invocation:


The column `(not available)` does not exist in the current database.
    at zr.handleRequestError (src\generated\prisma\runtime\client.js:69:8172)
    at zr.handleAndLogRequestError (src\generated\prisma\runtime\client.js:69:7467)
    at zr.request (src\generated\prisma\runtime\client.js:69:7174)
    at async a (src\generated\prisma\runtime\client.js:79:5816)
    at async DriverDocumentsPage (src\app\(driver)\documents\page.tsx:22:21)
  67 | ...
  68 | ...
> 69 | ...t u=s?{modelName:s,...t.meta}:t.meta;throw new w.PrismaClientKnownRequestError(l,{code:...
     |                                               ^
  70 | ...
  71 | ...
  72 | ... {
  code: 'P2022',
  meta: {
    modelName: 'Document',
    driverAdapterError: Error [DriverAdapterError]: ColumnNotFound
        at async e.interpretNode (src\generated\prisma\runtime\client.js:15:43522)
        at async e.interpretNode (src\generated\prisma\runtime\client.js:15:45151)
        at async e.run (src\generated\prisma\runtime\client.js:15:42242)
        at async e.execute (src\generated\prisma\runtime\client.js:61:815)
        at async qt.request (src\generated\prisma\runtime\client.js:62:2327)
        at async Object.singleLoader (src\generated\prisma\runtime\client.js:69:6569)
        at async zr.request (src\generated\prisma\runtime\client.js:69:7061)
        at async a (src\generated\prisma\runtime\client.js:79:5816)
        at async DriverDocumentsPage (src\app\(driver)\documents\page.tsx:22:21)
      13 | ...
      14 | ...
    > 15 | ...r(let o of n){let s=Sa(o,r.sqlCommenter),a=await this.#l(s,r.queryable,()=>r.queryable....
         |                                               ^
      16 | ...
      17 | ...
      18 | ... {
      [cause]: [Object]
    }
  },
  clientVersion: '7.6.0',
  digest: '2397443213'
}
 GET /documents 500 in 2.5s (next.js: 1862ms, proxy.ts: 128ms, application-code: 555ms)
[2026-09-15T18:21:13.027Z] INFO: [CRON] carrier-auto-dispatch: Starting nightly dispatch generation
[2026-09-15T18:21:13.542Z] ERROR: [CRON] carrier-auto-dispatch: Failed to fetch tenants Error [DriverAdapterError]: tenant context is required: app.current_tenant_id is the EMPTY STRING
    at async e.interpretNode (src\generated\prisma\runtime\client.js:15:43522)
    at async e.interpretNode (src\generated\prisma\runtime\client.js:15:45151)
    at async e.run (src\generated\prisma\runtime\client.js:15:42242)
    at async e.execute (src\generated\prisma\runtime\client.js:61:815)
    at async qt.request (src\generated\prisma\runtime\client.js:62:2327)
    at async Object.singleLoader (src\generated\prisma\runtime\client.js:69:6569)
    at async zr.request (src\generated\prisma\runtime\client.js:69:7061)
    at async a (src\generated\prisma\runtime\client.js:79:5816)
    at async GET (src\app\api\cron\carrier-auto-dispatch\route.ts:52:15)
  13 | ...
  14 | ...
> 15 | ...r(let o of n){let s=Sa(o,r.sqlCommenter),a=await this.#l(s,r.queryable,()=>r.queryable....
     |                                               ^
  16 | ...
  17 | ...
  18 | ... {
  clientVersion: '7.6.0',
  [cause]: {
    originalCode: 'TC001',
    originalMessage: 'tenant context is required: app.current_tenant_id is the EMPTY STRING',
    kind: 'postgres',
    code: 'TC001',
    severity: 'ERROR',
    message: 'tenant context is required: app.current_tenant_id is the EMPTY STRING',
    detail: 'statement: SELECT "public"."Tenant"."id", "public"."Tenant"."name" FROM "public"."Tenant" WHERE ("public"."Tenant"."isActive" = $1 AND EXISTS(SELECT "t0"."org_id" FROM "public"."route_templates" AS "t0" WHERE ("t0"."active" = $2 AND ("public"."Tenant"."id") = ("t0"."org_id") AND "t0"."org_id" IS NOT NULL))) OFFSET $3',
    column: undefined,
    hint: "This statement ran with no tenant context. Acquire one (getTenantPrisma / getTenantPrismaForOrg / withTenantContext) before querying, or SET app.tenant_context_tripwire = 'off' on this connection."
  }
}
 GET /api/cron/carrier-auto-dispatch 500 in 1363ms (next.js: 725ms, proxy.ts: 4ms, application-code: 633ms)
[2026-09-15T18:21:14.837Z] INFO: [CRON] carrier-compliance-alerts: Starting daily compliance check
[2026-09-15T18:21:15.349Z] ERROR: [CRON] carrier-compliance-alerts: Failed to ensure log table Error [PrismaClientKnownRequestError]: 
Invalid `prisma.$executeRawUnsafe()` invocation:


Raw query failed. Code: `42501`. Message: `permission denied for schema public`
    at zr.handleRequestError (src\generated\prisma\runtime\client.js:69:8172)
    at zr.handleAndLogRequestError (src\generated\prisma\runtime\client.js:69:7467)
    at zr.request (src\generated\prisma\runtime\client.js:69:7174)
    at async a (src\generated\prisma\runtime\client.js:79:5816)
    at async GET (src\app\api\cron\carrier-compliance-alerts\route.ts:39:5)
  67 | ...
  68 | ...
> 69 | ...t u=s?{modelName:s,...t.meta}:t.meta;throw new w.PrismaClientKnownRequestError(l,{code:...
     |                                               ^
  70 | ...
  71 | ...
  72 | ... {
  code: 'P2010',
  meta: {
    driverAdapterError: Error [DriverAdapterError]: permission denied for schema public
        at async e.interpretNode (src\generated\prisma\runtime\client.js:15:43294)
        at async e.run (src\generated\prisma\runtime\client.js:15:42242)
        at async e.execute (src\generated\prisma\runtime\client.js:61:815)
        at async qt.request (src\generated\prisma\runtime\client.js:62:2327)
        at async Object.singleLoader (src\generated\prisma\runtime\client.js:69:6569)
        at async zr.request (src\generated\prisma\runtime\client.js:69:7061)
        at async a (src\generated\prisma\runtime\client.js:79:5816)
        at async GET (src\app\api\cron\carrier-compliance-alerts\route.ts:39:5)
      13 | ...
      14 | ...
    > 15 | ...(let o of n){let s=Sa(o,r.sqlCommenter);i+=await this.#l(s,r.queryable,()=>r.queryable....
         |                                               ^
      16 | ...
      17 | ...
      18 | ... {
      [cause]: [Object]
    }
  },
  clientVersion: '7.6.0'
}
 GET /api/cron/carrier-compliance-alerts 500 in 1535ms (next.js: 800ms, proxy.ts: 7ms, application-code: 728ms)
[2026-09-15T18:21:16.606Z] INFO: [CRON] digest-compliance-30day: Starting 30-day compliance digest
[2026-09-15T18:21:16.606Z] INFO: [admin-db] privileged query {"reason":"compliance digest tenant sweep"}
[2026-09-15T18:21:17.020Z] INFO: [CRON] digest-compliance-30day: Found 2 active tenant(s)
[2026-09-15T18:21:17.571Z] ERROR: [CRON] digest-compliance-30day: tenant 8c6136c4-eb7b-4a89-a524-d1d0e2c8d045 failed {"scope":"tenant:8c6136c4-eb7b-4a89-a524-d1d0e2c8d045","err":{"stack":"DriverAdapterError: tenant context is required: app.current_tenant_id is the EMPTY STRING\n    at PrismaPgAdapter.onError (C:\\Users\\sammy\\Projects\\DriveCommand\\apps\\web\\.next\\dev\\server\\chunks\\node_modules_@prisma_0hos0ie._.js:4391:15)\n    at PrismaPgAdapter.performIO (C:\\Users\\sammy\\Projects\\DriveCommand\\apps\\web\\.next\\dev\\server\\chunks\\node_modules_@prisma_0hos0ie._.js:4386:18)\n    at process.processTicksAndRejections (node:internal/process/task_queues:103:5)\n    at async PrismaPgAdapter.queryRaw (C:\\Users\\sammy\\Projects\\DriveCommand\\apps\\web\\.next\\dev\\server\\chunks\\node_modules_@prisma_0hos0ie._.js:4311:34)\n    at async e.interpretNode (C:\\Users\\sammy\\Projects\\DriveCommand\\apps\\web\\.next\\dev\\server\\chunks\\apps_web_src_generated_prisma_runtime_client_0nfnq3p.js:4701:60)","message":"tenant context is required: app.current_tenant_id is the EMPTY STRING","name":"DriverAdapterError","cause":{"originalCode":"TC001","originalMessage":"tenant context is required: app.current_tenant_id is the EMPTY STRING","kind":"postgres","code":"TC001","severity":"ERROR","message":"tenant context is required: app.current_tenant_id is the EMPTY STRING","detail":"statement: SELECT \"public\".\"User\".\"id\", \"public\".\"User\".\"email\", \"public\".\"User\".\"firstName\" FROM \"public\".\"User\" WHERE (\"public\".\"User\".\"tenantId\" = $1 AND \"public\".\"User\".\"tenantId\" = $2 AND \"public\".\"User\".\"role\" = CAST($3::text AS \"public\".\"UserRole\") AND \"public\".\"User\".\"isActive\" = $4) OFFSET $5","hint":"This statement ran with no tenant context. Acquire one (getTenantPrisma / getTenantPrismaForOrg / withTenantContext) before querying, or SET app.tenant_context_tripwire = 'off' on this connection."},"clientVersion":"7.6.0"}} Error [DriverAdapterError]: tenant context is required: app.current_tenant_id is the EMPTY STRING
    at async e.interpretNode (src\generated\prisma\runtime\client.js:15:43522)
    at async e.interpretNode (src\generated\prisma\runtime\client.js:15:45151)
    at async e.run (src\generated\prisma\runtime\client.js:15:42242)
    at async e.execute (src\generated\prisma\runtime\client.js:61:815)
    at async qt.request (src\generated\prisma\runtime\client.js:62:2327)
    at async Object.singleLoader (src\generated\prisma\runtime\client.js:69:6569)
    at async zr.request (src\generated\prisma\runtime\client.js:69:7061)
    at async a (src\generated\prisma\runtime\client.js:79:5816)
    at async GET (src\app\api\cron\digest-compliance-30day\route.ts:62:22)
  13 | ...
  14 | ...
> 15 | ...r(let o of n){let s=Sa(o,r.sqlCommenter),a=await this.#l(s,r.queryable,()=>r.queryable....
     |                                               ^
  16 | ...
  17 | ...
  18 | ... {
  clientVersion: '7.6.0',
  [cause]: {
    originalCode: 'TC001',
    originalMessage: 'tenant context is required: app.current_tenant_id is the EMPTY STRING',
    kind: 'postgres',
    code: 'TC001',
    severity: 'ERROR',
    message: 'tenant context is required: app.current_tenant_id is the EMPTY STRING',
    detail: 'statement: SELECT "public"."User"."id", "public"."User"."email", "public"."User"."firstName" FROM "public"."User" WHERE ("public"."User"."tenantId" = $1 AND "public"."User"."tenantId" = $2 AND "public"."User"."role" = CAST($3::text AS "public"."UserRole") AND "public"."User"."isActive" = $4) OFFSET $5',
    column: undefined,
    hint: "This statement ran with no tenant context. Acquire one (getTenantPrisma / getTenantPrismaForOrg / withTenantContext) before querying, or SET app.tenant_context_tripwire = 'off' on this connection."
  }
}
[2026-09-15T18:21:18.217Z] ERROR: [CRON] digest-compliance-30day: tenant b5623cdd-dc19-4900-b75d-0ecfcaf191b8 failed {"scope":"tenant:b5623cdd-dc19-4900-b75d-0ecfcaf191b8","err":{"stack":"DriverAdapterError: tenant context is required: app.current_tenant_id is the EMPTY STRING\n    at PrismaPgAdapter.onError (C:\\Users\\sammy\\Projects\\DriveCommand\\apps\\web\\.next\\dev\\server\\chunks\\node_modules_@prisma_0hos0ie._.js:4391:15)\n    at PrismaPgAdapter.performIO (C:\\Users\\sammy\\Projects\\DriveCommand\\apps\\web\\.next\\dev\\server\\chunks\\node_modules_@prisma_0hos0ie._.js:4386:18)\n    at process.processTicksAndRejections (node:internal/process/task_queues:103:5)\n    at async PrismaPgAdapter.queryRaw (C:\\Users\\sammy\\Projects\\DriveCommand\\apps\\web\\.next\\dev\\server\\chunks\\node_modules_@prisma_0hos0ie._.js:4311:34)\n    at async e.interpretNode (C:\\Users\\sammy\\Projects\\DriveCommand\\apps\\web\\.next\\dev\\server\\chunks\\apps_web_src_generated_prisma_runtime_client_0nfnq3p.js:4701:60)","message":"tenant context is required: app.current_tenant_id is the EMPTY STRING","name":"DriverAdapterError","cause":{"originalCode":"TC001","originalMessage":"tenant context is required: app.current_tenant_id is the EMPTY STRING","kind":"postgres","code":"TC001","severity":"ERROR","message":"tenant context is required: app.current_tenant_id is the EMPTY STRING","detail":"statement: SELECT \"public\".\"User\".\"id\", \"public\".\"User\".\"email\", \"public\".\"User\".\"firstName\" FROM \"public\".\"User\" WHERE (\"public\".\"User\".\"tenantId\" = $1 AND \"public\".\"User\".\"tenantId\" = $2 AND \"public\".\"User\".\"role\" = CAST($3::text AS \"public\".\"UserRole\") AND \"public\".\"User\".\"isActive\" = $4) OFFSET $5","hint":"This statement ran with no tenant context. Acquire one (getTenantPrisma / getTenantPrismaForOrg / withTenantContext) before querying, or SET app.tenant_context_tripwire = 'off' on this connection."},"clientVersion":"7.6.0"}} Error [DriverAdapterError]: tenant context is required: app.current_tenant_id is the EMPTY STRING
    at async e.interpretNode (src\generated\prisma\runtime\client.js:15:43522)
    at async e.interpretNode (src\generated\prisma\runtime\client.js:15:45151)
    at async e.run (src\generated\prisma\runtime\client.js:15:42242)
    at async e.execute (src\generated\prisma\runtime\client.js:61:815)
    at async qt.request (src\generated\prisma\runtime\client.js:62:2327)
    at async Object.singleLoader (src\generated\prisma\runtime\client.js:69:6569)
    at async zr.request (src\generated\prisma\runtime\client.js:69:7061)
    at async a (src\generated\prisma\runtime\client.js:79:5816)
    at async GET (src\app\api\cron\digest-compliance-30day\route.ts:62:22)
  13 | ...
  14 | ...
> 15 | ...r(let o of n){let s=Sa(o,r.sqlCommenter),a=await this.#l(s,r.queryable,()=>r.queryable....
     |                                               ^
  16 | ...
  17 | ...
  18 | ... {
  clientVersion: '7.6.0',
  [cause]: {
    originalCode: 'TC001',
    originalMessage: 'tenant context is required: app.current_tenant_id is the EMPTY STRING',
    kind: 'postgres',
    code: 'TC001',
    severity: 'ERROR',
    message: 'tenant context is required: app.current_tenant_id is the EMPTY STRING',
    detail: 'statement: SELECT "public"."User"."id", "public"."User"."email", "public"."User"."firstName" FROM "public"."User" WHERE ("public"."User"."tenantId" = $1 AND "public"."User"."tenantId" = $2 AND "public"."User"."role" = CAST($3::text AS "public"."UserRole") AND "public"."User"."isActive" = $4) OFFSET $5',
    column: undefined,
    hint: "This statement ran with no tenant context. Acquire one (getTenantPrisma / getTenantPrismaForOrg / withTenantContext) before querying, or SET app.tenant_context_tripwire = 'off' on this connection."
  }
}
[2026-09-15T18:21:18.295Z] INFO: [CRON] digest-compliance-30day: Completed {"success":false,"processedTenants":2,"sent":0,"skipped":0,"failed":2,"failureCount":2,"failures":[{"scope":"tenant:8c6136c4-eb7b-4a89-a524-d1d0e2c8d045","message":"tenant context is required: app.current_tenant_id is the EMPTY STRING"},{"scope":"tenant:b5623cdd-dc19-4900-b75d-0ecfcaf191b8","message":"tenant context is required: app.current_tenant_id is the EMPTY STRING"}]}
 GET /api/cron/digest-compliance-30day 500 in 2.4s (next.js: 683ms, proxy.ts: 3ms, application-code: 1696ms)
[2026-09-15T18:21:19.290Z] INFO: [CRON] digest-daily-driver: Starting daily driver digest
[2026-09-15T18:21:19.290Z] INFO: [admin-db] privileged query {"reason":"daily driver digest tenant sweep"}
[2026-09-15T18:21:19.364Z] INFO: [CRON] digest-daily-driver: Found 2 active tenant(s)
[2026-09-15T18:21:19.882Z] ERROR: [CRON] digest-daily-driver: tenant 8c6136c4-eb7b-4a89-a524-d1d0e2c8d045 failed {"scope":"tenant:8c6136c4-eb7b-4a89-a524-d1d0e2c8d045","err":{"stack":"DriverAdapterError: tenant context is required: app.current_tenant_id is the EMPTY STRING\n    at PrismaPgAdapter.onError (C:\\Users\\sammy\\Projects\\DriveCommand\\apps\\web\\.next\\dev\\server\\chunks\\node_modules_@prisma_0hos0ie._.js:4391:15)\n    at PrismaPgAdapter.performIO (C:\\Users\\sammy\\Projects\\DriveCommand\\apps\\web\\.next\\dev\\server\\chunks\\node_modules_@prisma_0hos0ie._.js:4386:18)\n    at process.processTicksAndRejections (node:internal/process/task_queues:103:5)\n    at async PrismaPgAdapter.queryRaw (C:\\Users\\sammy\\Projects\\DriveCommand\\apps\\web\\.next\\dev\\server\\chunks\\node_modules_@prisma_0hos0ie._.js:4311:34)\n    at async e.interpretNode (C:\\Users\\sammy\\Projects\\DriveCommand\\apps\\web\\.next\\dev\\server\\chunks\\apps_web_src_generated_prisma_runtime_client_0nfnq3p.js:4701:60)","message":"tenant context is required: app.current_tenant_id is the EMPTY STRING","name":"DriverAdapterError","cause":{"originalCode":"TC001","originalMessage":"tenant context is required: app.current_tenant_id is the EMPTY STRING","kind":"postgres","code":"TC001","severity":"ERROR","message":"tenant context is required: app.current_tenant_id is the EMPTY STRING","detail":"statement: SELECT \"public\".\"User\".\"id\", \"public\".\"User\".\"email\", \"public\".\"User\".\"firstName\" FROM \"public\".\"User\" WHERE (\"public\".\"User\".\"tenantId\" = $1 AND \"public\".\"User\".\"tenantId\" = $2 AND \"public\".\"User\".\"role\" = CAST($3::text AS \"public\".\"UserRole\") AND \"public\".\"User\".\"isActive\" = $4) OFFSET $5","hint":"This statement ran with no tenant context. Acquire one (getTenantPrisma / getTenantPrismaForOrg / withTenantContext) before querying, or SET app.tenant_context_tripwire = 'off' on this connection."},"clientVersion":"7.6.0"}} Error [DriverAdapterError]: tenant context is required: app.current_tenant_id is the EMPTY STRING
    at async e.interpretNode (src\generated\prisma\runtime\client.js:15:43522)
    at async e.interpretNode (src\generated\prisma\runtime\client.js:15:45151)
    at async e.run (src\generated\prisma\runtime\client.js:15:42242)
    at async e.execute (src\generated\prisma\runtime\client.js:61:815)
    at async qt.request (src\generated\prisma\runtime\client.js:62:2327)
    at async Object.singleLoader (src\generated\prisma\runtime\client.js:69:6569)
    at async zr.request (src\generated\prisma\runtime\client.js:69:7061)
    at async a (src\generated\prisma\runtime\client.js:79:5816)
    at async GET (src\app\api\cron\digest-daily-driver\route.ts:62:23)
  13 | ...
  14 | ...
> 15 | ...r(let o of n){let s=Sa(o,r.sqlCommenter),a=await this.#l(s,r.queryable,()=>r.queryable....
     |                                               ^
  16 | ...
  17 | ...
  18 | ... {
  clientVersion: '7.6.0',
  [cause]: {
    originalCode: 'TC001',
    originalMessage: 'tenant context is required: app.current_tenant_id is the EMPTY STRING',
    kind: 'postgres',
    code: 'TC001',
    severity: 'ERROR',
    message: 'tenant context is required: app.current_tenant_id is the EMPTY STRING',
    detail: 'statement: SELECT "public"."User"."id", "public"."User"."email", "public"."User"."firstName" FROM "public"."User" WHERE ("public"."User"."tenantId" = $1 AND "public"."User"."tenantId" = $2 AND "public"."User"."role" = CAST($3::text AS "public"."UserRole") AND "public"."User"."isActive" = $4) OFFSET $5',
    column: undefined,
    hint: "This statement ran with no tenant context. Acquire one (getTenantPrisma / getTenantPrismaForOrg / withTenantContext) before querying, or SET app.tenant_context_tripwire = 'off' on this connection."
  }
}
[2026-09-15T18:21:20.482Z] ERROR: [CRON] digest-daily-driver: tenant b5623cdd-dc19-4900-b75d-0ecfcaf191b8 failed {"scope":"tenant:b5623cdd-dc19-4900-b75d-0ecfcaf191b8","err":{"stack":"DriverAdapterError: tenant context is required: app.current_tenant_id is the EMPTY STRING\n    at PrismaPgAdapter.onError (C:\\Users\\sammy\\Projects\\DriveCommand\\apps\\web\\.next\\dev\\server\\chunks\\node_modules_@prisma_0hos0ie._.js:4391:15)\n    at PrismaPgAdapter.performIO (C:\\Users\\sammy\\Projects\\DriveCommand\\apps\\web\\.next\\dev\\server\\chunks\\node_modules_@prisma_0hos0ie._.js:4386:18)\n    at process.processTicksAndRejections (node:internal/process/task_queues:103:5)\n    at async PrismaPgAdapter.queryRaw (C:\\Users\\sammy\\Projects\\DriveCommand\\apps\\web\\.next\\dev\\server\\chunks\\node_modules_@prisma_0hos0ie._.js:4311:34)\n    at async e.interpretNode (C:\\Users\\sammy\\Projects\\DriveCommand\\apps\\web\\.next\\dev\\server\\chunks\\apps_web_src_generated_prisma_runtime_client_0nfnq3p.js:4701:60)","message":"tenant context is required: app.current_tenant_id is the EMPTY STRING","name":"DriverAdapterError","cause":{"originalCode":"TC001","originalMessage":"tenant context is required: app.current_tenant_id is the EMPTY STRING","kind":"postgres","code":"TC001","severity":"ERROR","message":"tenant context is required: app.current_tenant_id is the EMPTY STRING","detail":"statement: SELECT \"public\".\"User\".\"id\", \"public\".\"User\".\"email\", \"public\".\"User\".\"firstName\" FROM \"public\".\"User\" WHERE (\"public\".\"User\".\"tenantId\" = $1 AND \"public\".\"User\".\"tenantId\" = $2 AND \"public\".\"User\".\"role\" = CAST($3::text AS \"public\".\"UserRole\") AND \"public\".\"User\".\"isActive\" = $4) OFFSET $5","hint":"This statement ran with no tenant context. Acquire one (getTenantPrisma / getTenantPrismaForOrg / withTenantContext) before querying, or SET app.tenant_context_tripwire = 'off' on this connection."},"clientVersion":"7.6.0"}} Error [DriverAdapterError]: tenant context is required: app.current_tenant_id is the EMPTY STRING
    at async e.interpretNode (src\generated\prisma\runtime\client.js:15:43522)
    at async e.interpretNode (src\generated\prisma\runtime\client.js:15:45151)
    at async e.run (src\generated\prisma\runtime\client.js:15:42242)
    at async e.execute (src\generated\prisma\runtime\client.js:61:815)
    at async qt.request (src\generated\prisma\runtime\client.js:62:2327)
    at async Object.singleLoader (src\generated\prisma\runtime\client.js:69:6569)
    at async zr.request (src\generated\prisma\runtime\client.js:69:7061)
    at async a (src\generated\prisma\runtime\client.js:79:5816)
    at async GET (src\app\api\cron\digest-daily-driver\route.ts:62:23)
  13 | ...
  14 | ...
> 15 | ...r(let o of n){let s=Sa(o,r.sqlCommenter),a=await this.#l(s,r.queryable,()=>r.queryable....
     |                                               ^
  16 | ...
  17 | ...
  18 | ... {
  clientVersion: '7.6.0',
  [cause]: {
    originalCode: 'TC001',
    originalMessage: 'tenant context is required: app.current_tenant_id is the EMPTY STRING',
    kind: 'postgres',
    code: 'TC001',
    severity: 'ERROR',
    message: 'tenant context is required: app.current_tenant_id is the EMPTY STRING',
    detail: 'statement: SELECT "public"."User"."id", "public"."User"."email", "public"."User"."firstName" FROM "public"."User" WHERE ("public"."User"."tenantId" = $1 AND "public"."User"."tenantId" = $2 AND "public"."User"."role" = CAST($3::text AS "public"."UserRole") AND "public"."User"."isActive" = $4) OFFSET $5',
    column: undefined,
    hint: "This statement ran with no tenant context. Acquire one (getTenantPrisma / getTenantPrismaForOrg / withTenantContext) before querying, or SET app.tenant_context_tripwire = 'off' on this connection."
  }
}
[2026-09-15T18:21:20.556Z] INFO: [CRON] digest-daily-driver: Completed {"success":false,"processedTenants":2,"sent":0,"skipped":0,"failed":2,"failureCount":2,"failures":[{"scope":"tenant:8c6136c4-eb7b-4a89-a524-d1d0e2c8d045","message":"tenant context is required: app.current_tenant_id is the EMPTY STRING"},{"scope":"tenant:b5623cdd-dc19-4900-b75d-0ecfcaf191b8","message":"tenant context is required: app.current_tenant_id is the EMPTY STRING"}]}
 GET /api/cron/digest-daily-driver 500 in 1896ms (next.js: 614ms, proxy.ts: 8ms, application-code: 1274ms)
[2026-09-15T18:21:21.649Z] INFO: [CRON] digest-weekly-owner: Starting weekly owner digest
[2026-09-15T18:21:21.650Z] INFO: [admin-db] privileged query {"reason":"weekly owner digest tenant sweep"}
[2026-09-15T18:21:21.722Z] INFO: [CRON] digest-weekly-owner: Found 2 active tenant(s)
[2026-09-15T18:21:22.273Z] ERROR: [CRON] digest-weekly-owner: tenant 8c6136c4-eb7b-4a89-a524-d1d0e2c8d045 failed {"scope":"tenant:8c6136c4-eb7b-4a89-a524-d1d0e2c8d045","err":{"stack":"DriverAdapterError: tenant context is required: app.current_tenant_id is the EMPTY STRING\n    at PrismaPgAdapter.onError (C:\\Users\\sammy\\Projects\\DriveCommand\\apps\\web\\.next\\dev\\server\\chunks\\node_modules_@prisma_0hos0ie._.js:4391:15)\n    at PrismaPgAdapter.performIO (C:\\Users\\sammy\\Projects\\DriveCommand\\apps\\web\\.next\\dev\\server\\chunks\\node_modules_@prisma_0hos0ie._.js:4386:18)\n    at process.processTicksAndRejections (node:internal/process/task_queues:103:5)\n    at async PrismaPgAdapter.queryRaw (C:\\Users\\sammy\\Projects\\DriveCommand\\apps\\web\\.next\\dev\\server\\chunks\\node_modules_@prisma_0hos0ie._.js:4311:34)\n    at async e.interpretNode (C:\\Users\\sammy\\Projects\\DriveCommand\\apps\\web\\.next\\dev\\server\\chunks\\apps_web_src_generated_prisma_runtime_client_0nfnq3p.js:4701:60)","message":"tenant context is required: app.current_tenant_id is the EMPTY STRING","name":"DriverAdapterError","cause":{"originalCode":"TC001","originalMessage":"tenant context is required: app.current_tenant_id is the EMPTY STRING","kind":"postgres","code":"TC001","severity":"ERROR","message":"tenant context is required: app.current_tenant_id is the EMPTY STRING","detail":"statement: SELECT \"public\".\"User\".\"id\", \"public\".\"User\".\"email\", \"public\".\"User\".\"firstName\" FROM \"public\".\"User\" WHERE (\"public\".\"User\".\"tenantId\" = $1 AND \"public\".\"User\".\"tenantId\" = $2 AND \"public\".\"User\".\"role\" = CAST($3::text AS \"public\".\"UserRole\") AND \"public\".\"User\".\"isActive\" = $4) OFFSET $5","hint":"This statement ran with no tenant context. Acquire one (getTenantPrisma / getTenantPrismaForOrg / withTenantContext) before querying, or SET app.tenant_context_tripwire = 'off' on this connection."},"clientVersion":"7.6.0"}} Error [DriverAdapterError]: tenant context is required: app.current_tenant_id is the EMPTY STRING
    at async e.interpretNode (src\generated\prisma\runtime\client.js:15:43522)
    at async e.interpretNode (src\generated\prisma\runtime\client.js:15:45151)
    at async e.run (src\generated\prisma\runtime\client.js:15:42242)
    at async e.execute (src\generated\prisma\runtime\client.js:61:815)
    at async qt.request (src\generated\prisma\runtime\client.js:62:2327)
    at async Object.singleLoader (src\generated\prisma\runtime\client.js:69:6569)
    at async zr.request (src\generated\prisma\runtime\client.js:69:7061)
    at async a (src\generated\prisma\runtime\client.js:79:5816)
    at async GET (src\app\api\cron\digest-weekly-owner\route.ts:62:22)
  13 | ...
  14 | ...
> 15 | ...r(let o of n){let s=Sa(o,r.sqlCommenter),a=await this.#l(s,r.queryable,()=>r.queryable....
     |                                               ^
  16 | ...
  17 | ...
  18 | ... {
  clientVersion: '7.6.0',
  [cause]: {
    originalCode: 'TC001',
    originalMessage: 'tenant context is required: app.current_tenant_id is the EMPTY STRING',
    kind: 'postgres',
    code: 'TC001',
    severity: 'ERROR',
    message: 'tenant context is required: app.current_tenant_id is the EMPTY STRING',
    detail: 'statement: SELECT "public"."User"."id", "public"."User"."email", "public"."User"."firstName" FROM "public"."User" WHERE ("public"."User"."tenantId" = $1 AND "public"."User"."tenantId" = $2 AND "public"."User"."role" = CAST($3::text AS "public"."UserRole") AND "public"."User"."isActive" = $4) OFFSET $5',
    column: undefined,
    hint: "This statement ran with no tenant context. Acquire one (getTenantPrisma / getTenantPrismaForOrg / withTenantContext) before querying, or SET app.tenant_context_tripwire = 'off' on this connection."
  }
}
[2026-09-15T18:21:22.883Z] ERROR: [CRON] digest-weekly-owner: tenant b5623cdd-dc19-4900-b75d-0ecfcaf191b8 failed {"scope":"tenant:b5623cdd-dc19-4900-b75d-0ecfcaf191b8","err":{"stack":"DriverAdapterError: tenant context is required: app.current_tenant_id is the EMPTY STRING\n    at PrismaPgAdapter.onError (C:\\Users\\sammy\\Projects\\DriveCommand\\apps\\web\\.next\\dev\\server\\chunks\\node_modules_@prisma_0hos0ie._.js:4391:15)\n    at PrismaPgAdapter.performIO (C:\\Users\\sammy\\Projects\\DriveCommand\\apps\\web\\.next\\dev\\server\\chunks\\node_modules_@prisma_0hos0ie._.js:4386:18)\n    at process.processTicksAndRejections (node:internal/process/task_queues:103:5)\n    at async PrismaPgAdapter.queryRaw (C:\\Users\\sammy\\Projects\\DriveCommand\\apps\\web\\.next\\dev\\server\\chunks\\node_modules_@prisma_0hos0ie._.js:4311:34)\n    at async e.interpretNode (C:\\Users\\sammy\\Projects\\DriveCommand\\apps\\web\\.next\\dev\\server\\chunks\\apps_web_src_generated_prisma_runtime_client_0nfnq3p.js:4701:60)","message":"tenant context is required: app.current_tenant_id is the EMPTY STRING","name":"DriverAdapterError","cause":{"originalCode":"TC001","originalMessage":"tenant context is required: app.current_tenant_id is the EMPTY STRING","kind":"postgres","code":"TC001","severity":"ERROR","message":"tenant context is required: app.current_tenant_id is the EMPTY STRING","detail":"statement: SELECT \"public\".\"User\".\"id\", \"public\".\"User\".\"email\", \"public\".\"User\".\"firstName\" FROM \"public\".\"User\" WHERE (\"public\".\"User\".\"tenantId\" = $1 AND \"public\".\"User\".\"tenantId\" = $2 AND \"public\".\"User\".\"role\" = CAST($3::text AS \"public\".\"UserRole\") AND \"public\".\"User\".\"isActive\" = $4) OFFSET $5","hint":"This statement ran with no tenant context. Acquire one (getTenantPrisma / getTenantPrismaForOrg / withTenantContext) before querying, or SET app.tenant_context_tripwire = 'off' on this connection."},"clientVersion":"7.6.0"}} Error [DriverAdapterError]: tenant context is required: app.current_tenant_id is the EMPTY STRING
    at async e.interpretNode (src\generated\prisma\runtime\client.js:15:43522)
    at async e.interpretNode (src\generated\prisma\runtime\client.js:15:45151)
    at async e.run (src\generated\prisma\runtime\client.js:15:42242)
    at async e.execute (src\generated\prisma\runtime\client.js:61:815)
    at async qt.request (src\generated\prisma\runtime\client.js:62:2327)
    at async Object.singleLoader (src\generated\prisma\runtime\client.js:69:6569)
    at async zr.request (src\generated\prisma\runtime\client.js:69:7061)
    at async a (src\generated\prisma\runtime\client.js:79:5816)
    at async GET (src\app\api\cron\digest-weekly-owner\route.ts:62:22)
  13 | ...
  14 | ...
> 15 | ...r(let o of n){let s=Sa(o,r.sqlCommenter),a=await this.#l(s,r.queryable,()=>r.queryable....
     |                                               ^
  16 | ...
  17 | ...
  18 | ... {
  clientVersion: '7.6.0',
  [cause]: {
    originalCode: 'TC001',
    originalMessage: 'tenant context is required: app.current_tenant_id is the EMPTY STRING',
    kind: 'postgres',
    code: 'TC001',
    severity: 'ERROR',
    message: 'tenant context is required: app.current_tenant_id is the EMPTY STRING',
    detail: 'statement: SELECT "public"."User"."id", "public"."User"."email", "public"."User"."firstName" FROM "public"."User" WHERE ("public"."User"."tenantId" = $1 AND "public"."User"."tenantId" = $2 AND "public"."User"."role" = CAST($3::text AS "public"."UserRole") AND "public"."User"."isActive" = $4) OFFSET $5',
    column: undefined,
    hint: "This statement ran with no tenant context. Acquire one (getTenantPrisma / getTenantPrismaForOrg / withTenantContext) before querying, or SET app.tenant_context_tripwire = 'off' on this connection."
  }
}
[2026-09-15T18:21:22.957Z] INFO: [CRON] digest-weekly-owner: Completed {"success":false,"processedTenants":2,"sent":0,"skipped":0,"failed":2,"failureCount":2,"failures":[{"scope":"tenant:8c6136c4-eb7b-4a89-a524-d1d0e2c8d045","message":"tenant context is required: app.current_tenant_id is the EMPTY STRING"},{"scope":"tenant:b5623cdd-dc19-4900-b75d-0ecfcaf191b8","message":"tenant context is required: app.current_tenant_id is the EMPTY STRING"}]}
 GET /api/cron/digest-weekly-owner 500 in 2.0s (next.js: 709ms, proxy.ts: 7ms, application-code: 1320ms)
[2026-09-15T18:21:23.782Z] INFO: [CRON] purge-deleted: Starting
[2026-09-15T18:21:24.296Z] ERROR: [CRON] purge-deleted: Failed to purge CarrierLoad {"scope":"CarrierLoad","err":{"stack":"DriverAdapterError: tenant context is required: app.current_tenant_id is the EMPTY STRING\n    at PrismaPgAdapter.onError (C:\\Users\\sammy\\Projects\\DriveCommand\\apps\\web\\.next\\dev\\server\\chunks\\node_modules_@prisma_0hos0ie._.js:4391:15)\n    at PrismaPgAdapter.performIO (C:\\Users\\sammy\\Projects\\DriveCommand\\apps\\web\\.next\\dev\\server\\chunks\\node_modules_@prisma_0hos0ie._.js:4386:18)\n    at process.processTicksAndRejections (node:internal/process/task_queues:103:5)\n    at async PrismaPgAdapter.executeRaw (C:\\Users\\sammy\\Projects\\DriveCommand\\apps\\web\\.next\\dev\\server\\chunks\\node_modules_@prisma_0hos0ie._.js:4349:17)\n    at async e.interpretNode (C:\\Users\\sammy\\Projects\\DriveCommand\\apps\\web\\.next\\dev\\server\\chunks\\apps_web_src_generated_prisma_runtime_client_0nfnq3p.js:4691:30)","message":"tenant context is required: app.current_tenant_id is the EMPTY STRING","name":"DriverAdapterError","cause":{"originalCode":"TC001","originalMessage":"tenant context is required: app.current_tenant_id is the EMPTY STRING","kind":"postgres","code":"TC001","severity":"ERROR","message":"tenant context is required: app.current_tenant_id is the EMPTY STRING","detail":"statement: DELETE FROM \"public\".\"loads\" WHERE (\"public\".\"loads\".\"deleted_at\" IS NOT NULL AND \"public\".\"loads\".\"deleted_at\" < $1)","hint":"This statement ran with no tenant context. Acquire one (getTenantPrisma / getTenantPrismaForOrg / withTenantContext) before querying, or SET app.tenant_context_tripwire = 'off' on this connection."},"clientVersion":"7.6.0"}} Error [DriverAdapterError]: tenant context is required: app.current_tenant_id is the EMPTY STRING
    at async e.interpretNode (src\generated\prisma\runtime\client.js:15:43294)
    at async e.interpretNode (src\generated\prisma\runtime\client.js:15:45151)
    at async e.run (src\generated\prisma\runtime\client.js:15:42242)
    at async e.execute (src\generated\prisma\runtime\client.js:61:815)
    at async qt.request (src\generated\prisma\runtime\client.js:62:2327)
    at async Object.singleLoader (src\generated\prisma\runtime\client.js:69:6569)
    at async zr.request (src\generated\prisma\runtime\client.js:69:7061)
    at async a (src\generated\prisma\runtime\client.js:79:5816)
    at async GET (src\app\api\cron\purge-deleted\route.ts:51:22)
  13 | ...
  14 | ...
> 15 | ...(let o of n){let s=Sa(o,r.sqlCommenter);i+=await this.#l(s,r.queryable,()=>r.queryable....
     |                                               ^
  16 | ...
  17 | ...
  18 | ... {
  clientVersion: '7.6.0',
  [cause]: {
    originalCode: 'TC001',
    originalMessage: 'tenant context is required: app.current_tenant_id is the EMPTY STRING',
    kind: 'postgres',
    code: 'TC001',
    severity: 'ERROR',
    message: 'tenant context is required: app.current_tenant_id is the EMPTY STRING',
    detail: 'statement: DELETE FROM "public"."loads" WHERE ("public"."loads"."deleted_at" IS NOT NULL AND "public"."loads"."deleted_at" < $1)',
    column: undefined,
    hint: "This statement ran with no tenant context. Acquire one (getTenantPrisma / getTenantPrismaForOrg / withTenantContext) before querying, or SET app.tenant_context_tripwire = 'off' on this connection."
  }
}
[2026-09-15T18:21:24.930Z] ERROR: [CRON] purge-deleted: Failed to purge Trip {"scope":"Trip","err":{"stack":"DriverAdapterError: tenant context is required: app.current_tenant_id is the EMPTY STRING\n    at PrismaPgAdapter.onError (C:\\Users\\sammy\\Projects\\DriveCommand\\apps\\web\\.next\\dev\\server\\chunks\\node_modules_@prisma_0hos0ie._.js:4391:15)\n    at PrismaPgAdapter.performIO (C:\\Users\\sammy\\Projects\\DriveCommand\\apps\\web\\.next\\dev\\server\\chunks\\node_modules_@prisma_0hos0ie._.js:4386:18)\n    at process.processTicksAndRejections (node:internal/process/task_queues:103:5)\n    at async PrismaPgAdapter.executeRaw (C:\\Users\\sammy\\Projects\\DriveCommand\\apps\\web\\.next\\dev\\server\\chunks\\node_modules_@prisma_0hos0ie._.js:4349:17)\n    at async e.interpretNode (C:\\Users\\sammy\\Projects\\DriveCommand\\apps\\web\\.next\\dev\\server\\chunks\\apps_web_src_generated_prisma_runtime_client_0nfnq3p.js:4691:30)","message":"tenant context is required: app.current_tenant_id is the EMPTY STRING","name":"DriverAdapterError","cause":{"originalCode":"TC001","originalMessage":"tenant context is required: app.current_tenant_id is the EMPTY STRING","kind":"postgres","code":"TC001","severity":"ERROR","message":"tenant context is required: app.current_tenant_id is the EMPTY STRING","detail":"statement: DELETE FROM \"public\".\"dispatches\" WHERE (\"public\".\"dispatches\".\"deleted_at\" IS NOT NULL AND \"public\".\"dispatches\".\"deleted_at\" < $1)","hint":"This statement ran with no tenant context. Acquire one (getTenantPrisma / getTenantPrismaForOrg / withTenantContext) before querying, or SET app.tenant_context_tripwire = 'off' on this connection."},"clientVersion":"7.6.0"}} Error [DriverAdapterError]: tenant context is required: app.current_tenant_id is the EMPTY STRING
    at async e.interpretNode (src\generated\prisma\runtime\client.js:15:43294)
    at async e.interpretNode (src\generated\prisma\runtime\client.js:15:45151)
    at async e.run (src\generated\prisma\runtime\client.js:15:42242)
    at async e.execute (src\generated\prisma\runtime\client.js:61:815)
    at async qt.request (src\generated\prisma\runtime\client.js:62:2327)
    at async Object.singleLoader (src\generated\prisma\runtime\client.js:69:6569)
    at async zr.request (src\generated\prisma\runtime\client.js:69:7061)
    at async a (src\generated\prisma\runtime\client.js:79:5816)
    at async GET (src\app\api\cron\purge-deleted\route.ts:51:22)
  13 | ...
  14 | ...
> 15 | ...(let o of n){let s=Sa(o,r.sqlCommenter);i+=await this.#l(s,r.queryable,()=>r.queryable....
     |                                               ^
  16 | ...
  17 | ...
  18 | ... {
  clientVersion: '7.6.0',
  [cause]: {
    originalCode: 'TC001',
    originalMessage: 'tenant context is required: app.current_tenant_id is the EMPTY STRING',
    kind: 'postgres',
    code: 'TC001',
    severity: 'ERROR',
    message: 'tenant context is required: app.current_tenant_id is the EMPTY STRING',
    detail: 'statement: DELETE FROM "public"."dispatches" WHERE ("public"."dispatches"."deleted_at" IS NOT NULL AND "public"."dispatches"."deleted_at" < $1)',
    column: undefined,
    hint: "This statement ran with no tenant context. Acquire one (getTenantPrisma / getTenantPrismaForOrg / withTenantContext) before querying, or SET app.tenant_context_tripwire = 'off' on this connection."
  }
}
[2026-09-15T18:21:25.519Z] ERROR: [CRON] purge-deleted: Failed to purge CarrierContract {"scope":"CarrierContract","err":{"stack":"DriverAdapterError: tenant context is required: app.current_tenant_id is the EMPTY STRING\n    at PrismaPgAdapter.onError (C:\\Users\\sammy\\Projects\\DriveCommand\\apps\\web\\.next\\dev\\server\\chunks\\node_modules_@prisma_0hos0ie._.js:4391:15)\n    at PrismaPgAdapter.performIO (C:\\Users\\sammy\\Projects\\DriveCommand\\apps\\web\\.next\\dev\\server\\chunks\\node_modules_@prisma_0hos0ie._.js:4386:18)\n    at process.processTicksAndRejections (node:internal/process/task_queues:103:5)\n    at async PrismaPgAdapter.executeRaw (C:\\Users\\sammy\\Projects\\DriveCommand\\apps\\web\\.next\\dev\\server\\chunks\\node_modules_@prisma_0hos0ie._.js:4349:17)\n    at async e.interpretNode (C:\\Users\\sammy\\Projects\\DriveCommand\\apps\\web\\.next\\dev\\server\\chunks\\apps_web_src_generated_prisma_runtime_client_0nfnq3p.js:4691:30)","message":"tenant context is required: app.current_tenant_id is the EMPTY STRING","name":"DriverAdapterError","cause":{"originalCode":"TC001","originalMessage":"tenant context is required: app.current_tenant_id is the EMPTY STRING","kind":"postgres","code":"TC001","severity":"ERROR","message":"tenant context is required: app.current_tenant_id is the EMPTY STRING","detail":"statement: DELETE FROM \"public\".\"contracts\" WHERE (\"public\".\"contracts\".\"deleted_at\" IS NOT NULL AND \"public\".\"contracts\".\"deleted_at\" < $1)","hint":"This statement ran with no tenant context. Acquire one (getTenantPrisma / getTenantPrismaForOrg / withTenantContext) before querying, or SET app.tenant_context_tripwire = 'off' on this connection."},"clientVersion":"7.6.0"}} Error [DriverAdapterError]: tenant context is required: app.current_tenant_id is the EMPTY STRING
    at async e.interpretNode (src\generated\prisma\runtime\client.js:15:43294)
    at async e.interpretNode (src\generated\prisma\runtime\client.js:15:45151)
    at async e.run (src\generated\prisma\runtime\client.js:15:42242)
    at async e.execute (src\generated\prisma\runtime\client.js:61:815)
    at async qt.request (src\generated\prisma\runtime\client.js:62:2327)
    at async Object.singleLoader (src\generated\prisma\runtime\client.js:69:6569)
    at async zr.request (src\generated\prisma\runtime\client.js:69:7061)
    at async a (src\generated\prisma\runtime\client.js:79:5816)
    at async GET (src\app\api\cron\purge-deleted\route.ts:51:22)
  13 | ...
  14 | ...
> 15 | ...(let o of n){let s=Sa(o,r.sqlCommenter);i+=await this.#l(s,r.queryable,()=>r.queryable....
     |                                               ^
  16 | ...
  17 | ...
  18 | ... {
  clientVersion: '7.6.0',
  [cause]: {
    originalCode: 'TC001',
    originalMessage: 'tenant context is required: app.current_tenant_id is the EMPTY STRING',
    kind: 'postgres',
    code: 'TC001',
    severity: 'ERROR',
    message: 'tenant context is required: app.current_tenant_id is the EMPTY STRING',
    detail: 'statement: DELETE FROM "public"."contracts" WHERE ("public"."contracts"."deleted_at" IS NOT NULL AND "public"."contracts"."deleted_at" < $1)',
    column: undefined,
    hint: "This statement ran with no tenant context. Acquire one (getTenantPrisma / getTenantPrismaForOrg / withTenantContext) before querying, or SET app.tenant_context_tripwire = 'off' on this connection."
  }
}
[2026-09-15T18:21:26.133Z] ERROR: [CRON] purge-deleted: Failed to purge CarrierClient {"scope":"CarrierClient","err":{"stack":"DriverAdapterError: tenant context is required: app.current_tenant_id is the EMPTY STRING\n    at PrismaPgAdapter.onError (C:\\Users\\sammy\\Projects\\DriveCommand\\apps\\web\\.next\\dev\\server\\chunks\\node_modules_@prisma_0hos0ie._.js:4391:15)\n    at PrismaPgAdapter.performIO (C:\\Users\\sammy\\Projects\\DriveCommand\\apps\\web\\.next\\dev\\server\\chunks\\node_modules_@prisma_0hos0ie._.js:4386:18)\n    at process.processTicksAndRejections (node:internal/process/task_queues:103:5)\n    at async PrismaPgAdapter.executeRaw (C:\\Users\\sammy\\Projects\\DriveCommand\\apps\\web\\.next\\dev\\server\\chunks\\node_modules_@prisma_0hos0ie._.js:4349:17)\n    at async e.interpretNode (C:\\Users\\sammy\\Projects\\DriveCommand\\apps\\web\\.next\\dev\\server\\chunks\\apps_web_src_generated_prisma_runtime_client_0nfnq3p.js:4691:30)","message":"tenant context is required: app.current_tenant_id is the EMPTY STRING","name":"DriverAdapterError","cause":{"originalCode":"TC001","originalMessage":"tenant context is required: app.current_tenant_id is the EMPTY STRING","kind":"postgres","code":"TC001","severity":"ERROR","message":"tenant context is required: app.current_tenant_id is the EMPTY STRING","detail":"statement: DELETE FROM \"public\".\"clients\" WHERE (\"public\".\"clients\".\"deleted_at\" IS NOT NULL AND \"public\".\"clients\".\"deleted_at\" < $1)","hint":"This statement ran with no tenant context. Acquire one (getTenantPrisma / getTenantPrismaForOrg / withTenantContext) before querying, or SET app.tenant_context_tripwire = 'off' on this connection."},"clientVersion":"7.6.0"}} Error [DriverAdapterError]: tenant context is required: app.current_tenant_id is the EMPTY STRING
    at async e.interpretNode (src\generated\prisma\runtime\client.js:15:43294)
    at async e.interpretNode (src\generated\prisma\runtime\client.js:15:45151)
    at async e.run (src\generated\prisma\runtime\client.js:15:42242)
    at async e.execute (src\generated\prisma\runtime\client.js:61:815)
    at async qt.request (src\generated\prisma\runtime\client.js:62:2327)
    at async Object.singleLoader (src\generated\prisma\runtime\client.js:69:6569)
    at async zr.request (src\generated\prisma\runtime\client.js:69:7061)
    at async a (src\generated\prisma\runtime\client.js:79:5816)
    at async GET (src\app\api\cron\purge-deleted\route.ts:51:22)
  13 | ...
  14 | ...
> 15 | ...(let o of n){let s=Sa(o,r.sqlCommenter);i+=await this.#l(s,r.queryable,()=>r.queryable....
     |                                               ^
  16 | ...
  17 | ...
  18 | ... {
  clientVersion: '7.6.0',
  [cause]: {
    originalCode: 'TC001',
    originalMessage: 'tenant context is required: app.current_tenant_id is the EMPTY STRING',
    kind: 'postgres',
    code: 'TC001',
    severity: 'ERROR',
    message: 'tenant context is required: app.current_tenant_id is the EMPTY STRING',
    detail: 'statement: DELETE FROM "public"."clients" WHERE ("public"."clients"."deleted_at" IS NOT NULL AND "public"."clients"."deleted_at" < $1)',
    column: undefined,
    hint: "This statement ran with no tenant context. Acquire one (getTenantPrisma / getTenantPrismaForOrg / withTenantContext) before querying, or SET app.tenant_context_tripwire = 'off' on this connection."
  }
}
[2026-09-15T18:21:26.725Z] ERROR: [CRON] purge-deleted: Failed to purge CarrierDriver {"scope":"CarrierDriver","err":{"stack":"DriverAdapterError: tenant context is required: app.current_tenant_id is the EMPTY STRING\n    at PrismaPgAdapter.onError (C:\\Users\\sammy\\Projects\\DriveCommand\\apps\\web\\.next\\dev\\server\\chunks\\node_modules_@prisma_0hos0ie._.js:4391:15)\n    at PrismaPgAdapter.performIO (C:\\Users\\sammy\\Projects\\DriveCommand\\apps\\web\\.next\\dev\\server\\chunks\\node_modules_@prisma_0hos0ie._.js:4386:18)\n    at process.processTicksAndRejections (node:internal/process/task_queues:103:5)\n    at async PrismaPgAdapter.executeRaw (C:\\Users\\sammy\\Projects\\DriveCommand\\apps\\web\\.next\\dev\\server\\chunks\\node_modules_@prisma_0hos0ie._.js:4349:17)\n    at async e.interpretNode (C:\\Users\\sammy\\Projects\\DriveCommand\\apps\\web\\.next\\dev\\server\\chunks\\apps_web_src_generated_prisma_runtime_client_0nfnq3p.js:4691:30)","message":"tenant context is required: app.current_tenant_id is the EMPTY STRING","name":"DriverAdapterError","cause":{"originalCode":"TC001","originalMessage":"tenant context is required: app.current_tenant_id is the EMPTY STRING","kind":"postgres","code":"TC001","severity":"ERROR","message":"tenant context is required: app.current_tenant_id is the EMPTY STRING","detail":"statement: DELETE FROM \"public\".\"carrier_drivers\" WHERE (\"public\".\"carrier_drivers\".\"deleted_at\" IS NOT NULL AND \"public\".\"carrier_drivers\".\"deleted_at\" < $1)","hint":"This statement ran with no tenant context. Acquire one (getTenantPrisma / getTenantPrismaForOrg / withTenantContext) before querying, or SET app.tenant_context_tripwire = 'off' on this connection."},"clientVersion":"7.6.0"}} Error [DriverAdapterError]: tenant context is required: app.current_tenant_id is the EMPTY STRING
    at async e.interpretNode (src\generated\prisma\runtime\client.js:15:43294)
    at async e.interpretNode (src\generated\prisma\runtime\client.js:15:45151)
    at async e.run (src\generated\prisma\runtime\client.js:15:42242)
    at async e.execute (src\generated\prisma\runtime\client.js:61:815)
    at async qt.request (src\generated\prisma\runtime\client.js:62:2327)
    at async Object.singleLoader (src\generated\prisma\runtime\client.js:69:6569)
    at async zr.request (src\generated\prisma\runtime\client.js:69:7061)
    at async a (src\generated\prisma\runtime\client.js:79:5816)
    at async GET (src\app\api\cron\purge-deleted\route.ts:51:22)
  13 | ...
  14 | ...
> 15 | ...(let o of n){let s=Sa(o,r.sqlCommenter);i+=await this.#l(s,r.queryable,()=>r.queryable....
     |                                               ^
  16 | ...
  17 | ...
  18 | ... {
  clientVersion: '7.6.0',
  [cause]: {
    originalCode: 'TC001',
    originalMessage: 'tenant context is required: app.current_tenant_id is the EMPTY STRING',
    kind: 'postgres',
    code: 'TC001',
    severity: 'ERROR',
    message: 'tenant context is required: app.current_tenant_id is the EMPTY STRING',
    detail: 'statement: DELETE FROM "public"."carrier_drivers" WHERE ("public"."carrier_drivers"."deleted_at" IS NOT NULL AND "public"."carrier_drivers"."deleted_at" < $1)',
    column: undefined,
    hint: "This statement ran with no tenant context. Acquire one (getTenantPrisma / getTenantPrismaForOrg / withTenantContext) before querying, or SET app.tenant_context_tripwire = 'off' on this connection."
  }
}
[2026-09-15T18:21:27.324Z] ERROR: [CRON] purge-deleted: Failed to purge CarrierTruck {"scope":"CarrierTruck","err":{"stack":"DriverAdapterError: tenant context is required: app.current_tenant_id is the EMPTY STRING\n    at PrismaPgAdapter.onError (C:\\Users\\sammy\\Projects\\DriveCommand\\apps\\web\\.next\\dev\\server\\chunks\\node_modules_@prisma_0hos0ie._.js:4391:15)\n    at PrismaPgAdapter.performIO (C:\\Users\\sammy\\Projects\\DriveCommand\\apps\\web\\.next\\dev\\server\\chunks\\node_modules_@prisma_0hos0ie._.js:4386:18)\n    at process.processTicksAndRejections (node:internal/process/task_queues:103:5)\n    at async PrismaPgAdapter.executeRaw (C:\\Users\\sammy\\Projects\\DriveCommand\\apps\\web\\.next\\dev\\server\\chunks\\node_modules_@prisma_0hos0ie._.js:4349:17)\n    at async e.interpretNode (C:\\Users\\sammy\\Projects\\DriveCommand\\apps\\web\\.next\\dev\\server\\chunks\\apps_web_src_generated_prisma_runtime_client_0nfnq3p.js:4691:30)","message":"tenant context is required: app.current_tenant_id is the EMPTY STRING","name":"DriverAdapterError","cause":{"originalCode":"TC001","originalMessage":"tenant context is required: app.current_tenant_id is the EMPTY STRING","kind":"postgres","code":"TC001","severity":"ERROR","message":"tenant context is required: app.current_tenant_id is the EMPTY STRING","detail":"statement: DELETE FROM \"public\".\"carrier_trucks\" WHERE (\"public\".\"carrier_trucks\".\"deleted_at\" IS NOT NULL AND \"public\".\"carrier_trucks\".\"deleted_at\" < $1)","hint":"This statement ran with no tenant context. Acquire one (getTenantPrisma / getTenantPrismaForOrg / withTenantContext) before querying, or SET app.tenant_context_tripwire = 'off' on this connection."},"clientVersion":"7.6.0"}} Error [DriverAdapterError]: tenant context is required: app.current_tenant_id is the EMPTY STRING
    at async e.interpretNode (src\generated\prisma\runtime\client.js:15:43294)
    at async e.interpretNode (src\generated\prisma\runtime\client.js:15:45151)
    at async e.run (src\generated\prisma\runtime\client.js:15:42242)
    at async e.execute (src\generated\prisma\runtime\client.js:61:815)
    at async qt.request (src\generated\prisma\runtime\client.js:62:2327)
    at async Object.singleLoader (src\generated\prisma\runtime\client.js:69:6569)
    at async zr.request (src\generated\prisma\runtime\client.js:69:7061)
    at async a (src\generated\prisma\runtime\client.js:79:5816)
    at async GET (src\app\api\cron\purge-deleted\route.ts:51:22)
  13 | ...
  14 | ...
> 15 | ...(let o of n){let s=Sa(o,r.sqlCommenter);i+=await this.#l(s,r.queryable,()=>r.queryable....
     |                                               ^
  16 | ...
  17 | ...
  18 | ... {
  clientVersion: '7.6.0',
  [cause]: {
    originalCode: 'TC001',
    originalMessage: 'tenant context is required: app.current_tenant_id is the EMPTY STRING',
    kind: 'postgres',
    code: 'TC001',
    severity: 'ERROR',
    message: 'tenant context is required: app.current_tenant_id is the EMPTY STRING',
    detail: 'statement: DELETE FROM "public"."carrier_trucks" WHERE ("public"."carrier_trucks"."deleted_at" IS NOT NULL AND "public"."carrier_trucks"."deleted_at" < $1)',
    column: undefined,
    hint: "This statement ran with no tenant context. Acquire one (getTenantPrisma / getTenantPrismaForOrg / withTenantContext) before querying, or SET app.tenant_context_tripwire = 'off' on this connection."
  }
}
[2026-09-15T18:21:27.924Z] ERROR: [CRON] purge-deleted: Failed to purge Route {"scope":"Route","err":{"stack":"DriverAdapterError: tenant context is required: app.current_tenant_id is the EMPTY STRING\n    at PrismaPgAdapter.onError (C:\\Users\\sammy\\Projects\\DriveCommand\\apps\\web\\.next\\dev\\server\\chunks\\node_modules_@prisma_0hos0ie._.js:4391:15)\n    at PrismaPgAdapter.performIO (C:\\Users\\sammy\\Projects\\DriveCommand\\apps\\web\\.next\\dev\\server\\chunks\\node_modules_@prisma_0hos0ie._.js:4386:18)\n    at process.processTicksAndRejections (node:internal/process/task_queues:103:5)\n    at async PrismaPgAdapter.executeRaw (C:\\Users\\sammy\\Projects\\DriveCommand\\apps\\web\\.next\\dev\\server\\chunks\\node_modules_@prisma_0hos0ie._.js:4349:17)\n    at async e.interpretNode (C:\\Users\\sammy\\Projects\\DriveCommand\\apps\\web\\.next\\dev\\server\\chunks\\apps_web_src_generated_prisma_runtime_client_0nfnq3p.js:4691:30)","message":"tenant context is required: app.current_tenant_id is the EMPTY STRING","name":"DriverAdapterError","cause":{"originalCode":"TC001","originalMessage":"tenant context is required: app.current_tenant_id is the EMPTY STRING","kind":"postgres","code":"TC001","severity":"ERROR","message":"tenant context is required: app.current_tenant_id is the EMPTY STRING","detail":"statement: DELETE FROM \"public\".\"Route\" WHERE (\"public\".\"Route\".\"deletedAt\" IS NOT NULL AND \"public\".\"Route\".\"deletedAt\" < $1)","hint":"This statement ran with no tenant context. Acquire one (getTenantPrisma / getTenantPrismaForOrg / withTenantContext) before querying, or SET app.tenant_context_tripwire = 'off' on this connection."},"clientVersion":"7.6.0"}} Error [DriverAdapterError]: tenant context is required: app.current_tenant_id is the EMPTY STRING
    at async e.interpretNode (src\generated\prisma\runtime\client.js:15:43294)
    at async e.interpretNode (src\generated\prisma\runtime\client.js:15:45151)
    at async e.run (src\generated\prisma\runtime\client.js:15:42242)
    at async e.execute (src\generated\prisma\runtime\client.js:61:815)
    at async qt.request (src\generated\prisma\runtime\client.js:62:2327)
    at async Object.singleLoader (src\generated\prisma\runtime\client.js:69:6569)
    at async zr.request (src\generated\prisma\runtime\client.js:69:7061)
    at async a (src\generated\prisma\runtime\client.js:79:5816)
    at async GET (src\app\api\cron\purge-deleted\route.ts:51:22)
  13 | ...
  14 | ...
> 15 | ...(let o of n){let s=Sa(o,r.sqlCommenter);i+=await this.#l(s,r.queryable,()=>r.queryable....
     |                                               ^
  16 | ...
  17 | ...
  18 | ... {
  clientVersion: '7.6.0',
  [cause]: {
    originalCode: 'TC001',
    originalMessage: 'tenant context is required: app.current_tenant_id is the EMPTY STRING',
    kind: 'postgres',
    code: 'TC001',
    severity: 'ERROR',
    message: 'tenant context is required: app.current_tenant_id is the EMPTY STRING',
    detail: 'statement: DELETE FROM "public"."Route" WHERE ("public"."Route"."deletedAt" IS NOT NULL AND "public"."Route"."deletedAt" < $1)',
    column: undefined,
    hint: "This statement ran with no tenant context. Acquire one (getTenantPrisma / getTenantPrismaForOrg / withTenantContext) before querying, or SET app.tenant_context_tripwire = 'off' on this connection."
  }
}
[2026-09-15T18:21:28.015Z] INFO: [CRON] purge-deleted: Completed {"totalPurged":0,"results":{},"failureCount":7,"failures":[{"scope":"CarrierLoad","message":"tenant context is required: app.current_tenant_id is the EMPTY STRING"},{"scope":"Trip","message":"tenant context is required: app.current_tenant_id is the EMPTY STRING"},{"scope":"CarrierContract","message":"tenant context is required: app.current_tenant_id is the EMPTY STRING"},{"scope":"CarrierClient","message":"tenant context is required: app.current_tenant_id is the EMPTY STRING"},{"scope":"CarrierDriver","message":"tenant context is required: app.current_tenant_id is the EMPTY STRING"},{"scope":"CarrierTruck","message":"tenant context is required: app.current_tenant_id is the EMPTY STRING"},{"scope":"Route","message":"tenant context is required: app.current_tenant_id is the EMPTY STRING"}]}
 GET /api/cron/purge-deleted 500 in 4.7s (next.js: 444ms, proxy.ts: 7ms, application-code: 4.2s)
[2026-09-15T18:21:28.892Z] INFO: [CRON] send-reminders: Starting daily reminder processing
[2026-09-15T18:21:28.892Z] INFO: [admin-db] privileged query {"reason":"reminders cron tenant sweep"}
[2026-09-15T18:21:28.963Z] INFO: [CRON] send-reminders: Found 2 active tenant(s)
[2026-09-15T18:21:28.964Z] INFO: [CRON] send-reminders: Processing tenant Staging Beta Logistics (8c6136c4-eb7b-4a89-a524-d1d0e2c8d045)
[2026-09-15T18:21:29.492Z] ERROR: [CRON] send-reminders: Failed to process tenant Staging Beta Logistics {"tenantName":"Staging Beta Logistics","scope":"tenant:8c6136c4-eb7b-4a89-a524-d1d0e2c8d045","err":{"stack":"DriverAdapterError: tenant context is required: app.current_tenant_id is the EMPTY STRING\n    at PrismaPgAdapter.onError (C:\\Users\\sammy\\Projects\\DriveCommand\\apps\\web\\.next\\dev\\server\\chunks\\node_modules_@prisma_0hos0ie._.js:4391:15)\n    at PrismaPgAdapter.performIO (C:\\Users\\sammy\\Projects\\DriveCommand\\apps\\web\\.next\\dev\\server\\chunks\\node_modules_@prisma_0hos0ie._.js:4386:18)\n    at process.processTicksAndRejections (node:internal/process/task_queues:103:5)\n    at async PrismaPgAdapter.queryRaw (C:\\Users\\sammy\\Projects\\DriveCommand\\apps\\web\\.next\\dev\\server\\chunks\\node_modules_@prisma_0hos0ie._.js:4311:34)\n    at async e.interpretNode (C:\\Users\\sammy\\Projects\\DriveCommand\\apps\\web\\.next\\dev\\server\\chunks\\apps_web_src_generated_prisma_runtime_client_0nfnq3p.js:4701:60)","message":"tenant context is required: app.current_tenant_id is the EMPTY STRING","name":"DriverAdapterError","cause":{"originalCode":"TC001","originalMessage":"tenant context is required: app.current_tenant_id is the EMPTY STRING","kind":"postgres","code":"TC001","severity":"ERROR","message":"tenant context is required: app.current_tenant_id is the EMPTY STRING","detail":"statement: SELECT \"public\".\"ScheduledService\".\"id\", \"public\".\"ScheduledService\".\"tenantId\", \"public\".\"ScheduledService\".\"truckId\", \"public\".\"ScheduledService\".\"serviceType\", \"public\".\"ScheduledService\".\"intervalDays\", \"public\".\"ScheduledService\".\"intervalMiles\", \"public\".\"ScheduledService\".\"baselineDate\", \"public\".\"ScheduledService\".\"baselineOdometer\", \"public\".\"ScheduledService\".\"notes\", \"public\".\"ScheduledService\".\"isCompleted\", \"public\".\"ScheduledService\".\"completedAt\", \"public\".\"ScheduledService\".\"createdById\", \"public\".\"ScheduledService\".\"updatedById\", \"public\".\"ScheduledService\".\"createdAt\", \"public\".\"ScheduledService\".\"updatedAt\" FROM \"public\".\"ScheduledService\" WHERE (\"public\".\"ScheduledService\".\"tenantId\" = $1 AND \"public\".\"ScheduledService\".\"isCompleted\" = $2) OFFSET $3","hint":"This statement ran with no tenant context. Acquire one (getTenantPrisma / getTenantPrismaForOrg / withTenantContext) before querying, or SET app.tenant_context_tripwire = 'off' on this connection."},"clientVersion":"7.6.0"}} Error [DriverAdapterError]: tenant context is required: app.current_tenant_id is the EMPTY STRING
    at async e.interpretNode (src\generated\prisma\runtime\client.js:15:43522)
    at async e.interpretNode (src\generated\prisma\runtime\client.js:15:42651)
    at async e.interpretNode (src\generated\prisma\runtime\client.js:15:45151)
    at async e.run (src\generated\prisma\runtime\client.js:15:42242)
    at async e.execute (src\generated\prisma\runtime\client.js:61:815)
    at async qt.request (src\generated\prisma\runtime\client.js:62:2327)
    at async Object.singleLoader (src\generated\prisma\runtime\client.js:69:6569)
    at async zr.request (src\generated\prisma\runtime\client.js:69:7061)
    at async a (src\generated\prisma\runtime\client.js:79:5816)
    at async findUpcomingMaintenance (src\lib\notifications\check-upcoming-maintenance.ts:31:29)
    at async GET (src\app\api\cron\send-reminders\route.ts:98:81)
  13 | ...
  14 | ...
> 15 | ...r(let o of n){let s=Sa(o,r.sqlCommenter),a=await this.#l(s,r.queryable,()=>r.queryable....
     |                                               ^
  16 | ...
  17 | ...
  18 | ... {
  clientVersion: '7.6.0',
  [cause]: {
    originalCode: 'TC001',
    originalMessage: 'tenant context is required: app.current_tenant_id is the EMPTY STRING',
    kind: 'postgres',
    code: 'TC001',
    severity: 'ERROR',
    message: 'tenant context is required: app.current_tenant_id is the EMPTY STRING',
    detail: 'statement: SELECT "public"."ScheduledService"."id", "public"."ScheduledService"."tenantId", "public"."ScheduledService"."truckId", "public"."ScheduledService"."serviceType", "public"."ScheduledService"."intervalDays", "public"."ScheduledService"."intervalMiles", "public"."ScheduledService"."baselineDate", "public"."ScheduledService"."baselineOdometer", "public"."ScheduledService"."notes", "public"."ScheduledService"."isCompleted", "public"."ScheduledService"."completedAt", "public"."ScheduledService"."createdById", "public"."ScheduledService"."updatedById", "public"."ScheduledService"."createdAt", "public"."ScheduledService"."updatedAt" FROM "public"."ScheduledService" WHERE ("public"."ScheduledService"."tenantId" = $1 AND "public"."ScheduledService"."isCompleted" = $2) OFFSET $3',
    column: undefined,
    hint: "This statement ran with no tenant context. Acquire one (getTenantPrisma / getTenantPrismaForOrg / withTenantContext) before querying, or SET app.tenant_context_tripwire = 'off' on this connection."
  }
}
[2026-09-15T18:21:29.569Z] INFO: [CRON] send-reminders: Processing tenant Staging Alpha Carriers (b5623cdd-dc19-4900-b75d-0ecfcaf191b8)
[2026-09-15T18:21:30.092Z] ERROR: [CRON] send-reminders: Failed to process tenant Staging Alpha Carriers {"tenantName":"Staging Alpha Carriers","scope":"tenant:b5623cdd-dc19-4900-b75d-0ecfcaf191b8","err":{"stack":"DriverAdapterError: tenant context is required: app.current_tenant_id is the EMPTY STRING\n    at PrismaPgAdapter.onError (C:\\Users\\sammy\\Projects\\DriveCommand\\apps\\web\\.next\\dev\\server\\chunks\\node_modules_@prisma_0hos0ie._.js:4391:15)\n    at PrismaPgAdapter.performIO (C:\\Users\\sammy\\Projects\\DriveCommand\\apps\\web\\.next\\dev\\server\\chunks\\node_modules_@prisma_0hos0ie._.js:4386:18)\n    at process.processTicksAndRejections (node:internal/process/task_queues:103:5)\n    at async PrismaPgAdapter.queryRaw (C:\\Users\\sammy\\Projects\\DriveCommand\\apps\\web\\.next\\dev\\server\\chunks\\node_modules_@prisma_0hos0ie._.js:4311:34)\n    at async e.interpretNode (C:\\Users\\sammy\\Projects\\DriveCommand\\apps\\web\\.next\\dev\\server\\chunks\\apps_web_src_generated_prisma_runtime_client_0nfnq3p.js:4701:60)","message":"tenant context is required: app.current_tenant_id is the EMPTY STRING","name":"DriverAdapterError","cause":{"originalCode":"TC001","originalMessage":"tenant context is required: app.current_tenant_id is the EMPTY STRING","kind":"postgres","code":"TC001","severity":"ERROR","message":"tenant context is required: app.current_tenant_id is the EMPTY STRING","detail":"statement: SELECT \"public\".\"ScheduledService\".\"id\", \"public\".\"ScheduledService\".\"tenantId\", \"public\".\"ScheduledService\".\"truckId\", \"public\".\"ScheduledService\".\"serviceType\", \"public\".\"ScheduledService\".\"intervalDays\", \"public\".\"ScheduledService\".\"intervalMiles\", \"public\".\"ScheduledService\".\"baselineDate\", \"public\".\"ScheduledService\".\"baselineOdometer\", \"public\".\"ScheduledService\".\"notes\", \"public\".\"ScheduledService\".\"isCompleted\", \"public\".\"ScheduledService\".\"completedAt\", \"public\".\"ScheduledService\".\"createdById\", \"public\".\"ScheduledService\".\"updatedById\", \"public\".\"ScheduledService\".\"createdAt\", \"public\".\"ScheduledService\".\"updatedAt\" FROM \"public\".\"ScheduledService\" WHERE (\"public\".\"ScheduledService\".\"tenantId\" = $1 AND \"public\".\"ScheduledService\".\"isCompleted\" = $2) OFFSET $3","hint":"This statement ran with no tenant context. Acquire one (getTenantPrisma / getTenantPrismaForOrg / withTenantContext) before querying, or SET app.tenant_context_tripwire = 'off' on this connection."},"clientVersion":"7.6.0"}} Error [DriverAdapterError]: tenant context is required: app.current_tenant_id is the EMPTY STRING
    at async e.interpretNode (src\generated\prisma\runtime\client.js:15:43522)
    at async e.interpretNode (src\generated\prisma\runtime\client.js:15:42651)
    at async e.interpretNode (src\generated\prisma\runtime\client.js:15:45151)
    at async e.run (src\generated\prisma\runtime\client.js:15:42242)
    at async e.execute (src\generated\prisma\runtime\client.js:61:815)
    at async qt.request (src\generated\prisma\runtime\client.js:62:2327)
    at async Object.singleLoader (src\generated\prisma\runtime\client.js:69:6569)
    at async zr.request (src\generated\prisma\runtime\client.js:69:7061)
    at async a (src\generated\prisma\runtime\client.js:79:5816)
    at async findUpcomingMaintenance (src\lib\notifications\check-upcoming-maintenance.ts:31:29)
    at async GET (src\app\api\cron\send-reminders\route.ts:98:81)
  13 | ...
  14 | ...
> 15 | ...r(let o of n){let s=Sa(o,r.sqlCommenter),a=await this.#l(s,r.queryable,()=>r.queryable....
     |                                               ^
  16 | ...
  17 | ...
  18 | ... {
  clientVersion: '7.6.0',
  [cause]: {
    originalCode: 'TC001',
    originalMessage: 'tenant context is required: app.current_tenant_id is the EMPTY STRING',
    kind: 'postgres',
    code: 'TC001',
    severity: 'ERROR',
    message: 'tenant context is required: app.current_tenant_id is the EMPTY STRING',
    detail: 'statement: SELECT "public"."ScheduledService"."id", "public"."ScheduledService"."tenantId", "public"."ScheduledService"."truckId", "public"."ScheduledService"."serviceType", "public"."ScheduledService"."intervalDays", "public"."ScheduledService"."intervalMiles", "public"."ScheduledService"."baselineDate", "public"."ScheduledService"."baselineOdometer", "public"."ScheduledService"."notes", "public"."ScheduledService"."isCompleted", "public"."ScheduledService"."completedAt", "public"."ScheduledService"."createdById", "public"."ScheduledService"."updatedById", "public"."ScheduledService"."createdAt", "public"."ScheduledService"."updatedAt" FROM "public"."ScheduledService" WHERE ("public"."ScheduledService"."tenantId" = $1 AND "public"."ScheduledService"."isCompleted" = $2) OFFSET $3',
    column: undefined,
    hint: "This statement ran with no tenant context. Acquire one (getTenantPrisma / getTenantPrismaForOrg / withTenantContext) before querying, or SET app.tenant_context_tripwire = 'off' on this connection."
  }
}
[2026-09-15T18:21:30.170Z] INFO: [CRON] send-reminders: Completed {"success":false,"processedTenants":0,"tenantsFound":2,"maintenance":{"sent":0,"skipped":0,"failed":0},"documents":{"sent":0,"skipped":0,"failed":0},"driverDocuments":{"sent":0,"skipped":0,"failed":0},"failureCount":2,"failures":[{"scope":"tenant:8c6136c4-eb7b-4a89-a524-d1d0e2c8d045","message":"tenant context is required: app.current_tenant_id is the EMPTY STRING"},{"scope":"tenant:b5623cdd-dc19-4900-b75d-0ecfcaf191b8","message":"tenant context is required: app.current_tenant_id is the EMPTY STRING"}]}
 GET /api/cron/send-reminders 500 in 1798ms (next.js: 505ms, proxy.ts: 7ms, application-code: 1286ms)
 GET /carrier/driver-pay/settlements 200 in 4.8s (next.js: 62ms, proxy.ts: 352ms, application-code: 4.4s)
 GET /checklists/automation 200 in 822ms (next.js: 76ms, proxy.ts: 182ms, application-code: 565ms)
[2026-09-15T18:21:38.214Z] INFO: [CRON] trip-reminders: done {"tenantsProcessed":1,"tenantsFailed":0,"remindersSent":0,"failureCount":0,"failures":[]}
 GET /api/cron/trip-reminders 200 in 1350ms (next.js: 828ms, proxy.ts: 4ms, application-code: 518ms)
[2026-09-15T18:21:39.279Z] INFO: [CRON] workflow-notifications: Starting sweep
[2026-09-15T18:21:39.279Z] INFO: [admin-db] privileged query {"reason":"workflow overdue-step sweep"}
[2026-09-15T18:21:39.725Z] INFO: [CRON] workflow-notifications: Found 0 overdue step(s)
[2026-09-15T18:21:39.726Z] INFO: [admin-db] privileged query {"reason":"workflow blocked-instance sweep"}
[2026-09-15T18:21:39.802Z] ERROR: [CRON] workflow-notifications: Sweep 2 (INSTANCE_BLOCKED email) query failed {"scope":"sweep:INSTANCE_BLOCKED","err":{"stack":"DriverAdapterError: permission denied for table PlaybookNotification\n    at PrismaPgAdapter.onError (C:\\Users\\sammy\\Projects\\DriveCommand\\apps\\web\\.next\\dev\\server\\chunks\\node_modules_@prisma_0hos0ie._.js:4391:15)\n    at PrismaPgAdapter.performIO (C:\\Users\\sammy\\Projects\\DriveCommand\\apps\\web\\.next\\dev\\server\\chunks\\node_modules_@prisma_0hos0ie._.js:4386:18)\n    at process.processTicksAndRejections (node:internal/process/task_queues:103:5)\n    at async PrismaPgAdapter.queryRaw (C:\\Users\\sammy\\Projects\\DriveCommand\\apps\\web\\.next\\dev\\server\\chunks\\node_modules_@prisma_0hos0ie._.js:4311:34)\n    at async e.interpretNode (C:\\Users\\sammy\\Projects\\DriveCommand\\apps\\web\\.next\\dev\\server\\chunks\\apps_web_src_generated_prisma_runtime_client_0nfnq3p.js:4701:60)","message":"permission denied for table PlaybookNotification","name":"DriverAdapterError","cause":{"originalCode":"42501","originalMessage":"permission denied for table PlaybookNotification","kind":"postgres","code":"42501","severity":"ERROR","message":"permission denied for table PlaybookNotification"},"clientVersion":"7.6.0"}} Error [DriverAdapterError]: permission denied for table PlaybookNotification
    at async e.interpretNode (src\generated\prisma\runtime\client.js:15:43522)
    at async e.interpretNode (src\generated\prisma\runtime\client.js:15:45151)
    at async e.run (src\generated\prisma\runtime\client.js:15:42242)
    at async e.execute (src\generated\prisma\runtime\client.js:61:815)
    at async qt.request (src\generated\prisma\runtime\client.js:62:2327)
    at async Object.singleLoader (src\generated\prisma\runtime\client.js:69:6569)
    at async zr.request (src\generated\prisma\runtime\client.js:69:7061)
    at async a (src\generated\prisma\runtime\client.js:79:5816)
    at async GET (src\app\api\cron\workflow-notifications\route.ts:146:30)
  13 | ...
  14 | ...
> 15 | ...r(let o of n){let s=Sa(o,r.sqlCommenter),a=await this.#l(s,r.queryable,()=>r.queryable....
     |                                               ^
  16 | ...
  17 | ...
  18 | ... {
  clientVersion: '7.6.0',
  [cause]: {
    originalCode: '42501',
    originalMessage: 'permission denied for table PlaybookNotification',
    kind: 'postgres',
    code: '42501',
    severity: 'ERROR',
    message: 'permission denied for table PlaybookNotification',
    detail: undefined,
    column: undefined,
    hint: undefined
  }
}
[2026-09-15T18:21:39.918Z] INFO: [CRON] workflow-notifications: Completed {"stats":{"overdueSent":0,"overdueErrors":0,"blockedEmailsSent":0,"blockedEmailErrors":0,"sweepsFailed":1},"failureCount":1,"failures":[{"scope":"sweep:INSTANCE_BLOCKED","message":"permission denied for table PlaybookNotification"}]}
 GET /api/cron/workflow-notifications 500 in 1339ms (next.js: 687ms, proxy.ts: 6ms, application-code: 646ms)
 POST /api/auth/login 200 in 1997ms (next.js: 4ms, proxy.ts: 3ms, application-code: 1990ms)
 POST /api/auth/login 200 in 852ms (next.js: 13ms, proxy.ts: 6ms, application-code: 834ms)
⨯ Error [DriverAdapterError]: tenant context is required: app.current_tenant_id is the EMPTY STRING
    at async e.interpretNode (src\generated\prisma\runtime\client.js:15:43522)
    at async e.interpretNode (src\generated\prisma\runtime\client.js:15:45151)
    at async e.run (src\generated\prisma\runtime\client.js:15:42242)
    at async e.execute (src\generated\prisma\runtime\client.js:61:815)
    at async qt.request (src\generated\prisma\runtime\client.js:62:2327)
    at async Object.singleLoader (src\generated\prisma\runtime\client.js:69:6569)
    at async zr.request (src\generated\prisma\runtime\client.js:69:7061)
    at async a (src\generated\prisma\runtime\client.js:79:5816)
    at async TripsPage (src\app\(owner)\carrier\trips\page.tsx:19:62)
  13 | ...
  14 | ...
> 15 | ...r(let o of n){let s=Sa(o,r.sqlCommenter),a=await this.#l(s,r.queryable,()=>r.queryable....
     |                                               ^
  16 | ...
  17 | ...
  18 | ... {
  clientVersion: '7.6.0',
  digest: '2634114640',
  [cause]: {
    originalCode: 'TC001',
    originalMessage: 'tenant context is required: app.current_tenant_id is the EMPTY STRING',
    kind: 'postgres',
    code: 'TC001',
    severity: 'ERROR',
    message: 'tenant context is required: app.current_tenant_id is the EMPTY STRING',
    detail: 'statement: SELECT "public"."carrier_drivers"."id", "public"."carrier_drivers"."first_name", "public"."carrier_drivers"."last_name" FROM "public"."carrier_drivers" WHERE ("public"."carrier_drivers"."org_id" = $1 AND "public"."carrier_drivers"."status" = $2) ORDER BY "public"."carrier_drivers"."last_name" ASC OFFSET $3',
    column: undefined,
    hint: "This statement ran with no tenant context. Acquire one (getTenantPrisma / getTenantPrismaForOrg / withTenantContext) before querying, or SET app.tenant_context_tripwire = 'off' on this connection."
  }
}
 GET /carrier/trips 500 in 2.7s (next.js: 10ms, proxy.ts: 229ms, application-code: 2.4s)
⨯ Error [PrismaClientKnownRequestError]: 
Invalid `prisma.document.findMany()` invocation:


The column `(not available)` does not exist in the current database.
    at zr.handleRequestError (src\generated\prisma\runtime\client.js:69:8172)
    at zr.handleAndLogRequestError (src\generated\prisma\runtime\client.js:69:7467)
    at zr.request (src\generated\prisma\runtime\client.js:69:7174)
    at async a (src\generated\prisma\runtime\client.js:79:5816)
    at async DriverDocumentsPage (src\app\(driver)\documents\page.tsx:22:21)
  67 | ...
  68 | ...
> 69 | ...t u=s?{modelName:s,...t.meta}:t.meta;throw new w.PrismaClientKnownRequestError(l,{code:...
     |                                               ^
  70 | ...
  71 | ...
  72 | ... {
  code: 'P2022',
  meta: {
    modelName: 'Document',
    driverAdapterError: Error [DriverAdapterError]: ColumnNotFound
        at async e.interpretNode (src\generated\prisma\runtime\client.js:15:43522)
        at async e.interpretNode (src\generated\prisma\runtime\client.js:15:45151)
        at async e.run (src\generated\prisma\runtime\client.js:15:42242)
        at async e.execute (src\generated\prisma\runtime\client.js:61:815)
        at async qt.request (src\generated\prisma\runtime\client.js:62:2327)
        at async Object.singleLoader (src\generated\prisma\runtime\client.js:69:6569)
        at async zr.request (src\generated\prisma\runtime\client.js:69:7061)
        at async a (src\generated\prisma\runtime\client.js:79:5816)
        at async DriverDocumentsPage (src\app\(driver)\documents\page.tsx:22:21)
      13 | ...
      14 | ...
    > 15 | ...r(let o of n){let s=Sa(o,r.sqlCommenter),a=await this.#l(s,r.queryable,()=>r.queryable....
         |                                               ^
      16 | ...
      17 | ...
      18 | ... {
      [cause]: [Object]
    }
  },
  clientVersion: '7.6.0',
  digest: '2397443213'
}
 GET /documents 500 in 576ms (next.js: 16ms, proxy.ts: 113ms, application-code: 446ms)
[2026-09-15T18:23:09.357Z] INFO: [CRON] carrier-auto-dispatch: Starting nightly dispatch generation
[2026-09-15T18:23:09.875Z] ERROR: [CRON] carrier-auto-dispatch: Failed to fetch tenants Error [DriverAdapterError]: tenant context is required: app.current_tenant_id is the EMPTY STRING
    at async e.interpretNode (src\generated\prisma\runtime\client.js:15:43522)
    at async e.interpretNode (src\generated\prisma\runtime\client.js:15:45151)
    at async e.run (src\generated\prisma\runtime\client.js:15:42242)
    at async e.execute (src\generated\prisma\runtime\client.js:61:815)
    at async qt.request (src\generated\prisma\runtime\client.js:62:2327)
    at async Object.singleLoader (src\generated\prisma\runtime\client.js:69:6569)
    at async zr.request (src\generated\prisma\runtime\client.js:69:7061)
    at async a (src\generated\prisma\runtime\client.js:79:5816)
    at async GET (src\app\api\cron\carrier-auto-dispatch\route.ts:52:15)
  13 | ...
  14 | ...
> 15 | ...r(let o of n){let s=Sa(o,r.sqlCommenter),a=await this.#l(s,r.queryable,()=>r.queryable....
     |                                               ^
  16 | ...
  17 | ...
  18 | ... {
  clientVersion: '7.6.0',
  [cause]: {
    originalCode: 'TC001',
    originalMessage: 'tenant context is required: app.current_tenant_id is the EMPTY STRING',
    kind: 'postgres',
    code: 'TC001',
    severity: 'ERROR',
    message: 'tenant context is required: app.current_tenant_id is the EMPTY STRING',
    detail: 'statement: SELECT "public"."Tenant"."id", "public"."Tenant"."name" FROM "public"."Tenant" WHERE ("public"."Tenant"."isActive" = $1 AND EXISTS(SELECT "t0"."org_id" FROM "public"."route_templates" AS "t0" WHERE ("t0"."active" = $2 AND ("public"."Tenant"."id") = ("t0"."org_id") AND "t0"."org_id" IS NOT NULL))) OFFSET $3',
    column: undefined,
    hint: "This statement ran with no tenant context. Acquire one (getTenantPrisma / getTenantPrismaForOrg / withTenantContext) before querying, or SET app.tenant_context_tripwire = 'off' on this connection."
  }
}
 GET /api/cron/carrier-auto-dispatch 500 in 639ms (next.js: 10ms, proxy.ts: 6ms, application-code: 623ms)
[2026-09-15T18:23:10.347Z] INFO: [CRON] carrier-compliance-alerts: Starting daily compliance check
[2026-09-15T18:23:10.863Z] ERROR: [CRON] carrier-compliance-alerts: Failed to ensure log table Error [PrismaClientKnownRequestError]: 
Invalid `prisma.$executeRawUnsafe()` invocation:


Raw query failed. Code: `42501`. Message: `permission denied for schema public`
    at zr.handleRequestError (src\generated\prisma\runtime\client.js:69:8172)
    at zr.handleAndLogRequestError (src\generated\prisma\runtime\client.js:69:7467)
    at zr.request (src\generated\prisma\runtime\client.js:69:7174)
    at async a (src\generated\prisma\runtime\client.js:79:5816)
    at async GET (src\app\api\cron\carrier-compliance-alerts\route.ts:39:5)
  67 | ...
  68 | ...
> 69 | ...t u=s?{modelName:s,...t.meta}:t.meta;throw new w.PrismaClientKnownRequestError(l,{code:...
     |                                               ^
  70 | ...
  71 | ...
  72 | ... {
  code: 'P2010',
  meta: {
    driverAdapterError: Error [DriverAdapterError]: permission denied for schema public
        at async e.interpretNode (src\generated\prisma\runtime\client.js:15:43294)
        at async e.run (src\generated\prisma\runtime\client.js:15:42242)
        at async e.execute (src\generated\prisma\runtime\client.js:61:815)
        at async qt.request (src\generated\prisma\runtime\client.js:62:2327)
        at async Object.singleLoader (src\generated\prisma\runtime\client.js:69:6569)
        at async zr.request (src\generated\prisma\runtime\client.js:69:7061)
        at async a (src\generated\prisma\runtime\client.js:79:5816)
        at async GET (src\app\api\cron\carrier-compliance-alerts\route.ts:39:5)
      13 | ...
      14 | ...
    > 15 | ...(let o of n){let s=Sa(o,r.sqlCommenter);i+=await this.#l(s,r.queryable,()=>r.queryable....
         |                                               ^
      16 | ...
      17 | ...
      18 | ... {
      [cause]: [Object]
    }
  },
  clientVersion: '7.6.0'
}
 GET /api/cron/carrier-compliance-alerts 500 in 697ms (next.js: 6ms, proxy.ts: 5ms, application-code: 686ms)
[2026-09-15T18:23:11.426Z] INFO: [CRON] digest-compliance-30day: Starting 30-day compliance digest
[2026-09-15T18:23:11.427Z] INFO: [admin-db] privileged query {"reason":"compliance digest tenant sweep"}
[2026-09-15T18:23:11.795Z] INFO: [CRON] digest-compliance-30day: Found 2 active tenant(s)
[2026-09-15T18:23:12.316Z] ERROR: [CRON] digest-compliance-30day: tenant 8c6136c4-eb7b-4a89-a524-d1d0e2c8d045 failed {"scope":"tenant:8c6136c4-eb7b-4a89-a524-d1d0e2c8d045","err":{"stack":"DriverAdapterError: tenant context is required: app.current_tenant_id is the EMPTY STRING\n    at PrismaPgAdapter.onError (C:\\Users\\sammy\\Projects\\DriveCommand\\apps\\web\\.next\\dev\\server\\chunks\\node_modules_@prisma_0hos0ie._.js:4391:15)\n    at PrismaPgAdapter.performIO (C:\\Users\\sammy\\Projects\\DriveCommand\\apps\\web\\.next\\dev\\server\\chunks\\node_modules_@prisma_0hos0ie._.js:4386:18)\n    at process.processTicksAndRejections (node:internal/process/task_queues:103:5)\n    at async PrismaPgAdapter.queryRaw (C:\\Users\\sammy\\Projects\\DriveCommand\\apps\\web\\.next\\dev\\server\\chunks\\node_modules_@prisma_0hos0ie._.js:4311:34)\n    at async e.interpretNode (C:\\Users\\sammy\\Projects\\DriveCommand\\apps\\web\\.next\\dev\\server\\chunks\\apps_web_src_generated_prisma_runtime_client_0nfnq3p.js:4701:60)","message":"tenant context is required: app.current_tenant_id is the EMPTY STRING","name":"DriverAdapterError","cause":{"originalCode":"TC001","originalMessage":"tenant context is required: app.current_tenant_id is the EMPTY STRING","kind":"postgres","code":"TC001","severity":"ERROR","message":"tenant context is required: app.current_tenant_id is the EMPTY STRING","detail":"statement: SELECT \"public\".\"User\".\"id\", \"public\".\"User\".\"email\", \"public\".\"User\".\"firstName\" FROM \"public\".\"User\" WHERE (\"public\".\"User\".\"tenantId\" = $1 AND \"public\".\"User\".\"tenantId\" = $2 AND \"public\".\"User\".\"role\" = CAST($3::text AS \"public\".\"UserRole\") AND \"public\".\"User\".\"isActive\" = $4) OFFSET $5","hint":"This statement ran with no tenant context. Acquire one (getTenantPrisma / getTenantPrismaForOrg / withTenantContext) before querying, or SET app.tenant_context_tripwire = 'off' on this connection."},"clientVersion":"7.6.0"}} Error [DriverAdapterError]: tenant context is required: app.current_tenant_id is the EMPTY STRING
    at async e.interpretNode (src\generated\prisma\runtime\client.js:15:43522)
    at async e.interpretNode (src\generated\prisma\runtime\client.js:15:45151)
    at async e.run (src\generated\prisma\runtime\client.js:15:42242)
    at async e.execute (src\generated\prisma\runtime\client.js:61:815)
    at async qt.request (src\generated\prisma\runtime\client.js:62:2327)
    at async Object.singleLoader (src\generated\prisma\runtime\client.js:69:6569)
    at async zr.request (src\generated\prisma\runtime\client.js:69:7061)
    at async a (src\generated\prisma\runtime\client.js:79:5816)
    at async GET (src\app\api\cron\digest-compliance-30day\route.ts:62:22)
  13 | ...
  14 | ...
> 15 | ...r(let o of n){let s=Sa(o,r.sqlCommenter),a=await this.#l(s,r.queryable,()=>r.queryable....
     |                                               ^
  16 | ...
  17 | ...
  18 | ... {
  clientVersion: '7.6.0',
  [cause]: {
    originalCode: 'TC001',
    originalMessage: 'tenant context is required: app.current_tenant_id is the EMPTY STRING',
    kind: 'postgres',
    code: 'TC001',
    severity: 'ERROR',
    message: 'tenant context is required: app.current_tenant_id is the EMPTY STRING',
    detail: 'statement: SELECT "public"."User"."id", "public"."User"."email", "public"."User"."firstName" FROM "public"."User" WHERE ("public"."User"."tenantId" = $1 AND "public"."User"."tenantId" = $2 AND "public"."User"."role" = CAST($3::text AS "public"."UserRole") AND "public"."User"."isActive" = $4) OFFSET $5',
    column: undefined,
    hint: "This statement ran with no tenant context. Acquire one (getTenantPrisma / getTenantPrismaForOrg / withTenantContext) before querying, or SET app.tenant_context_tripwire = 'off' on this connection."
  }
}
[2026-09-15T18:23:12.909Z] ERROR: [CRON] digest-compliance-30day: tenant b5623cdd-dc19-4900-b75d-0ecfcaf191b8 failed {"scope":"tenant:b5623cdd-dc19-4900-b75d-0ecfcaf191b8","err":{"stack":"DriverAdapterError: tenant context is required: app.current_tenant_id is the EMPTY STRING\n    at PrismaPgAdapter.onError (C:\\Users\\sammy\\Projects\\DriveCommand\\apps\\web\\.next\\dev\\server\\chunks\\node_modules_@prisma_0hos0ie._.js:4391:15)\n    at PrismaPgAdapter.performIO (C:\\Users\\sammy\\Projects\\DriveCommand\\apps\\web\\.next\\dev\\server\\chunks\\node_modules_@prisma_0hos0ie._.js:4386:18)\n    at process.processTicksAndRejections (node:internal/process/task_queues:103:5)\n    at async PrismaPgAdapter.queryRaw (C:\\Users\\sammy\\Projects\\DriveCommand\\apps\\web\\.next\\dev\\server\\chunks\\node_modules_@prisma_0hos0ie._.js:4311:34)\n    at async e.interpretNode (C:\\Users\\sammy\\Projects\\DriveCommand\\apps\\web\\.next\\dev\\server\\chunks\\apps_web_src_generated_prisma_runtime_client_0nfnq3p.js:4701:60)","message":"tenant context is required: app.current_tenant_id is the EMPTY STRING","name":"DriverAdapterError","cause":{"originalCode":"TC001","originalMessage":"tenant context is required: app.current_tenant_id is the EMPTY STRING","kind":"postgres","code":"TC001","severity":"ERROR","message":"tenant context is required: app.current_tenant_id is the EMPTY STRING","detail":"statement: SELECT \"public\".\"User\".\"id\", \"public\".\"User\".\"email\", \"public\".\"User\".\"firstName\" FROM \"public\".\"User\" WHERE (\"public\".\"User\".\"tenantId\" = $1 AND \"public\".\"User\".\"tenantId\" = $2 AND \"public\".\"User\".\"role\" = CAST($3::text AS \"public\".\"UserRole\") AND \"public\".\"User\".\"isActive\" = $4) OFFSET $5","hint":"This statement ran with no tenant context. Acquire one (getTenantPrisma / getTenantPrismaForOrg / withTenantContext) before querying, or SET app.tenant_context_tripwire = 'off' on this connection."},"clientVersion":"7.6.0"}} Error [DriverAdapterError]: tenant context is required: app.current_tenant_id is the EMPTY STRING
    at async e.interpretNode (src\generated\prisma\runtime\client.js:15:43522)
    at async e.interpretNode (src\generated\prisma\runtime\client.js:15:45151)
    at async e.run (src\generated\prisma\runtime\client.js:15:42242)
    at async e.execute (src\generated\prisma\runtime\client.js:61:815)
    at async qt.request (src\generated\prisma\runtime\client.js:62:2327)
    at async Object.singleLoader (src\generated\prisma\runtime\client.js:69:6569)
    at async zr.request (src\generated\prisma\runtime\client.js:69:7061)
    at async a (src\generated\prisma\runtime\client.js:79:5816)
    at async GET (src\app\api\cron\digest-compliance-30day\route.ts:62:22)
  13 | ...
  14 | ...
> 15 | ...r(let o of n){let s=Sa(o,r.sqlCommenter),a=await this.#l(s,r.queryable,()=>r.queryable....
     |                                               ^
  16 | ...
  17 | ...
  18 | ... {
  clientVersion: '7.6.0',
  [cause]: {
    originalCode: 'TC001',
    originalMessage: 'tenant context is required: app.current_tenant_id is the EMPTY STRING',
    kind: 'postgres',
    code: 'TC001',
    severity: 'ERROR',
    message: 'tenant context is required: app.current_tenant_id is the EMPTY STRING',
    detail: 'statement: SELECT "public"."User"."id", "public"."User"."email", "public"."User"."firstName" FROM "public"."User" WHERE ("public"."User"."tenantId" = $1 AND "public"."User"."tenantId" = $2 AND "public"."User"."role" = CAST($3::text AS "public"."UserRole") AND "public"."User"."isActive" = $4) OFFSET $5',
    column: undefined,
    hint: "This statement ran with no tenant context. Acquire one (getTenantPrisma / getTenantPrismaForOrg / withTenantContext) before querying, or SET app.tenant_context_tripwire = 'off' on this connection."
  }
}
[2026-09-15T18:23:13.000Z] INFO: [CRON] digest-compliance-30day: Completed {"success":false,"processedTenants":2,"sent":0,"skipped":0,"failed":2,"failureCount":2,"failures":[{"scope":"tenant:8c6136c4-eb7b-4a89-a524-d1d0e2c8d045","message":"tenant context is required: app.current_tenant_id is the EMPTY STRING"},{"scope":"tenant:b5623cdd-dc19-4900-b75d-0ecfcaf191b8","message":"tenant context is required: app.current_tenant_id is the EMPTY STRING"}]}
 GET /api/cron/digest-compliance-30day 500 in 1606ms (next.js: 8ms, proxy.ts: 10ms, application-code: 1589ms)
[2026-09-15T18:23:13.394Z] INFO: [CRON] digest-daily-driver: Starting daily driver digest
[2026-09-15T18:23:13.395Z] INFO: [admin-db] privileged query {"reason":"daily driver digest tenant sweep"}
[2026-09-15T18:23:13.467Z] INFO: [CRON] digest-daily-driver: Found 2 active tenant(s)
[2026-09-15T18:23:13.977Z] ERROR: [CRON] digest-daily-driver: tenant 8c6136c4-eb7b-4a89-a524-d1d0e2c8d045 failed {"scope":"tenant:8c6136c4-eb7b-4a89-a524-d1d0e2c8d045","err":{"stack":"DriverAdapterError: tenant context is required: app.current_tenant_id is the EMPTY STRING\n    at PrismaPgAdapter.onError (C:\\Users\\sammy\\Projects\\DriveCommand\\apps\\web\\.next\\dev\\server\\chunks\\node_modules_@prisma_0hos0ie._.js:4391:15)\n    at PrismaPgAdapter.performIO (C:\\Users\\sammy\\Projects\\DriveCommand\\apps\\web\\.next\\dev\\server\\chunks\\node_modules_@prisma_0hos0ie._.js:4386:18)\n    at process.processTicksAndRejections (node:internal/process/task_queues:103:5)\n    at async PrismaPgAdapter.queryRaw (C:\\Users\\sammy\\Projects\\DriveCommand\\apps\\web\\.next\\dev\\server\\chunks\\node_modules_@prisma_0hos0ie._.js:4311:34)\n    at async e.interpretNode (C:\\Users\\sammy\\Projects\\DriveCommand\\apps\\web\\.next\\dev\\server\\chunks\\apps_web_src_generated_prisma_runtime_client_0nfnq3p.js:4701:60)","message":"tenant context is required: app.current_tenant_id is the EMPTY STRING","name":"DriverAdapterError","cause":{"originalCode":"TC001","originalMessage":"tenant context is required: app.current_tenant_id is the EMPTY STRING","kind":"postgres","code":"TC001","severity":"ERROR","message":"tenant context is required: app.current_tenant_id is the EMPTY STRING","detail":"statement: SELECT \"public\".\"User\".\"id\", \"public\".\"User\".\"email\", \"public\".\"User\".\"firstName\" FROM \"public\".\"User\" WHERE (\"public\".\"User\".\"tenantId\" = $1 AND \"public\".\"User\".\"tenantId\" = $2 AND \"public\".\"User\".\"role\" = CAST($3::text AS \"public\".\"UserRole\") AND \"public\".\"User\".\"isActive\" = $4) OFFSET $5","hint":"This statement ran with no tenant context. Acquire one (getTenantPrisma / getTenantPrismaForOrg / withTenantContext) before querying, or SET app.tenant_context_tripwire = 'off' on this connection."},"clientVersion":"7.6.0"}} Error [DriverAdapterError]: tenant context is required: app.current_tenant_id is the EMPTY STRING
    at async e.interpretNode (src\generated\prisma\runtime\client.js:15:43522)
    at async e.interpretNode (src\generated\prisma\runtime\client.js:15:45151)
    at async e.run (src\generated\prisma\runtime\client.js:15:42242)
    at async e.execute (src\generated\prisma\runtime\client.js:61:815)
    at async qt.request (src\generated\prisma\runtime\client.js:62:2327)
    at async Object.singleLoader (src\generated\prisma\runtime\client.js:69:6569)
    at async zr.request (src\generated\prisma\runtime\client.js:69:7061)
    at async a (src\generated\prisma\runtime\client.js:79:5816)
    at async GET (src\app\api\cron\digest-daily-driver\route.ts:62:23)
  13 | ...
  14 | ...
> 15 | ...r(let o of n){let s=Sa(o,r.sqlCommenter),a=await this.#l(s,r.queryable,()=>r.queryable....
     |                                               ^
  16 | ...
  17 | ...
  18 | ... {
  clientVersion: '7.6.0',
  [cause]: {
    originalCode: 'TC001',
    originalMessage: 'tenant context is required: app.current_tenant_id is the EMPTY STRING',
    kind: 'postgres',
    code: 'TC001',
    severity: 'ERROR',
    message: 'tenant context is required: app.current_tenant_id is the EMPTY STRING',
    detail: 'statement: SELECT "public"."User"."id", "public"."User"."email", "public"."User"."firstName" FROM "public"."User" WHERE ("public"."User"."tenantId" = $1 AND "public"."User"."tenantId" = $2 AND "public"."User"."role" = CAST($3::text AS "public"."UserRole") AND "public"."User"."isActive" = $4) OFFSET $5',
    column: undefined,
    hint: "This statement ran with no tenant context. Acquire one (getTenantPrisma / getTenantPrismaForOrg / withTenantContext) before querying, or SET app.tenant_context_tripwire = 'off' on this connection."
  }
}
[2026-09-15T18:23:14.567Z] ERROR: [CRON] digest-daily-driver: tenant b5623cdd-dc19-4900-b75d-0ecfcaf191b8 failed {"scope":"tenant:b5623cdd-dc19-4900-b75d-0ecfcaf191b8","err":{"stack":"DriverAdapterError: tenant context is required: app.current_tenant_id is the EMPTY STRING\n    at PrismaPgAdapter.onError (C:\\Users\\sammy\\Projects\\DriveCommand\\apps\\web\\.next\\dev\\server\\chunks\\node_modules_@prisma_0hos0ie._.js:4391:15)\n    at PrismaPgAdapter.performIO (C:\\Users\\sammy\\Projects\\DriveCommand\\apps\\web\\.next\\dev\\server\\chunks\\node_modules_@prisma_0hos0ie._.js:4386:18)\n    at process.processTicksAndRejections (node:internal/process/task_queues:103:5)\n    at async PrismaPgAdapter.queryRaw (C:\\Users\\sammy\\Projects\\DriveCommand\\apps\\web\\.next\\dev\\server\\chunks\\node_modules_@prisma_0hos0ie._.js:4311:34)\n    at async e.interpretNode (C:\\Users\\sammy\\Projects\\DriveCommand\\apps\\web\\.next\\dev\\server\\chunks\\apps_web_src_generated_prisma_runtime_client_0nfnq3p.js:4701:60)","message":"tenant context is required: app.current_tenant_id is the EMPTY STRING","name":"DriverAdapterError","cause":{"originalCode":"TC001","originalMessage":"tenant context is required: app.current_tenant_id is the EMPTY STRING","kind":"postgres","code":"TC001","severity":"ERROR","message":"tenant context is required: app.current_tenant_id is the EMPTY STRING","detail":"statement: SELECT \"public\".\"User\".\"id\", \"public\".\"User\".\"email\", \"public\".\"User\".\"firstName\" FROM \"public\".\"User\" WHERE (\"public\".\"User\".\"tenantId\" = $1 AND \"public\".\"User\".\"tenantId\" = $2 AND \"public\".\"User\".\"role\" = CAST($3::text AS \"public\".\"UserRole\") AND \"public\".\"User\".\"isActive\" = $4) OFFSET $5","hint":"This statement ran with no tenant context. Acquire one (getTenantPrisma / getTenantPrismaForOrg / withTenantContext) before querying, or SET app.tenant_context_tripwire = 'off' on this connection."},"clientVersion":"7.6.0"}} Error [DriverAdapterError]: tenant context is required: app.current_tenant_id is the EMPTY STRING
    at async e.interpretNode (src\generated\prisma\runtime\client.js:15:43522)
    at async e.interpretNode (src\generated\prisma\runtime\client.js:15:45151)
    at async e.run (src\generated\prisma\runtime\client.js:15:42242)
    at async e.execute (src\generated\prisma\runtime\client.js:61:815)
    at async qt.request (src\generated\prisma\runtime\client.js:62:2327)
    at async Object.singleLoader (src\generated\prisma\runtime\client.js:69:6569)
    at async zr.request (src\generated\prisma\runtime\client.js:69:7061)
    at async a (src\generated\prisma\runtime\client.js:79:5816)
    at async GET (src\app\api\cron\digest-daily-driver\route.ts:62:23)
  13 | ...
  14 | ...
> 15 | ...r(let o of n){let s=Sa(o,r.sqlCommenter),a=await this.#l(s,r.queryable,()=>r.queryable....
     |                                               ^
  16 | ...
  17 | ...
  18 | ... {
  clientVersion: '7.6.0',
  [cause]: {
    originalCode: 'TC001',
    originalMessage: 'tenant context is required: app.current_tenant_id is the EMPTY STRING',
    kind: 'postgres',
    code: 'TC001',
    severity: 'ERROR',
    message: 'tenant context is required: app.current_tenant_id is the EMPTY STRING',
    detail: 'statement: SELECT "public"."User"."id", "public"."User"."email", "public"."User"."firstName" FROM "public"."User" WHERE ("public"."User"."tenantId" = $1 AND "public"."User"."tenantId" = $2 AND "public"."User"."role" = CAST($3::text AS "public"."UserRole") AND "public"."User"."isActive" = $4) OFFSET $5',
    column: undefined,
    hint: "This statement ran with no tenant context. Acquire one (getTenantPrisma / getTenantPrismaForOrg / withTenantContext) before querying, or SET app.tenant_context_tripwire = 'off' on this connection."
  }
}
[2026-09-15T18:23:14.676Z] INFO: [CRON] digest-daily-driver: Completed {"success":false,"processedTenants":2,"sent":0,"skipped":0,"failed":2,"failureCount":2,"failures":[{"scope":"tenant:8c6136c4-eb7b-4a89-a524-d1d0e2c8d045","message":"tenant context is required: app.current_tenant_id is the EMPTY STRING"},{"scope":"tenant:b5623cdd-dc19-4900-b75d-0ecfcaf191b8","message":"tenant context is required: app.current_tenant_id is the EMPTY STRING"}]}
 GET /api/cron/digest-daily-driver 500 in 1308ms (next.js: 9ms, proxy.ts: 6ms, application-code: 1294ms)
[2026-09-15T18:23:15.070Z] INFO: [CRON] digest-weekly-owner: Starting weekly owner digest
[2026-09-15T18:23:15.071Z] INFO: [admin-db] privileged query {"reason":"weekly owner digest tenant sweep"}
[2026-09-15T18:23:15.144Z] INFO: [CRON] digest-weekly-owner: Found 2 active tenant(s)
[2026-09-15T18:23:15.653Z] ERROR: [CRON] digest-weekly-owner: tenant 8c6136c4-eb7b-4a89-a524-d1d0e2c8d045 failed {"scope":"tenant:8c6136c4-eb7b-4a89-a524-d1d0e2c8d045","err":{"stack":"DriverAdapterError: tenant context is required: app.current_tenant_id is the EMPTY STRING\n    at PrismaPgAdapter.onError (C:\\Users\\sammy\\Projects\\DriveCommand\\apps\\web\\.next\\dev\\server\\chunks\\node_modules_@prisma_0hos0ie._.js:4391:15)\n    at PrismaPgAdapter.performIO (C:\\Users\\sammy\\Projects\\DriveCommand\\apps\\web\\.next\\dev\\server\\chunks\\node_modules_@prisma_0hos0ie._.js:4386:18)\n    at process.processTicksAndRejections (node:internal/process/task_queues:103:5)\n    at async PrismaPgAdapter.queryRaw (C:\\Users\\sammy\\Projects\\DriveCommand\\apps\\web\\.next\\dev\\server\\chunks\\node_modules_@prisma_0hos0ie._.js:4311:34)\n    at async e.interpretNode (C:\\Users\\sammy\\Projects\\DriveCommand\\apps\\web\\.next\\dev\\server\\chunks\\apps_web_src_generated_prisma_runtime_client_0nfnq3p.js:4701:60)","message":"tenant context is required: app.current_tenant_id is the EMPTY STRING","name":"DriverAdapterError","cause":{"originalCode":"TC001","originalMessage":"tenant context is required: app.current_tenant_id is the EMPTY STRING","kind":"postgres","code":"TC001","severity":"ERROR","message":"tenant context is required: app.current_tenant_id is the EMPTY STRING","detail":"statement: SELECT \"public\".\"User\".\"id\", \"public\".\"User\".\"email\", \"public\".\"User\".\"firstName\" FROM \"public\".\"User\" WHERE (\"public\".\"User\".\"tenantId\" = $1 AND \"public\".\"User\".\"tenantId\" = $2 AND \"public\".\"User\".\"role\" = CAST($3::text AS \"public\".\"UserRole\") AND \"public\".\"User\".\"isActive\" = $4) OFFSET $5","hint":"This statement ran with no tenant context. Acquire one (getTenantPrisma / getTenantPrismaForOrg / withTenantContext) before querying, or SET app.tenant_context_tripwire = 'off' on this connection."},"clientVersion":"7.6.0"}} Error [DriverAdapterError]: tenant context is required: app.current_tenant_id is the EMPTY STRING
    at async e.interpretNode (src\generated\prisma\runtime\client.js:15:43522)
    at async e.interpretNode (src\generated\prisma\runtime\client.js:15:45151)
    at async e.run (src\generated\prisma\runtime\client.js:15:42242)
    at async e.execute (src\generated\prisma\runtime\client.js:61:815)
    at async qt.request (src\generated\prisma\runtime\client.js:62:2327)
    at async Object.singleLoader (src\generated\prisma\runtime\client.js:69:6569)
    at async zr.request (src\generated\prisma\runtime\client.js:69:7061)
    at async a (src\generated\prisma\runtime\client.js:79:5816)
    at async GET (src\app\api\cron\digest-weekly-owner\route.ts:62:22)
  13 | ...
  14 | ...
> 15 | ...r(let o of n){let s=Sa(o,r.sqlCommenter),a=await this.#l(s,r.queryable,()=>r.queryable....
     |                                               ^
  16 | ...
  17 | ...
  18 | ... {
  clientVersion: '7.6.0',
  [cause]: {
    originalCode: 'TC001',
    originalMessage: 'tenant context is required: app.current_tenant_id is the EMPTY STRING',
    kind: 'postgres',
    code: 'TC001',
    severity: 'ERROR',
    message: 'tenant context is required: app.current_tenant_id is the EMPTY STRING',
    detail: 'statement: SELECT "public"."User"."id", "public"."User"."email", "public"."User"."firstName" FROM "public"."User" WHERE ("public"."User"."tenantId" = $1 AND "public"."User"."tenantId" = $2 AND "public"."User"."role" = CAST($3::text AS "public"."UserRole") AND "public"."User"."isActive" = $4) OFFSET $5',
    column: undefined,
    hint: "This statement ran with no tenant context. Acquire one (getTenantPrisma / getTenantPrismaForOrg / withTenantContext) before querying, or SET app.tenant_context_tripwire = 'off' on this connection."
  }
}
[2026-09-15T18:23:16.655Z] ERROR: [CRON] digest-weekly-owner: tenant b5623cdd-dc19-4900-b75d-0ecfcaf191b8 failed {"scope":"tenant:b5623cdd-dc19-4900-b75d-0ecfcaf191b8","err":{"stack":"DriverAdapterError: tenant context is required: app.current_tenant_id is the EMPTY STRING\n    at PrismaPgAdapter.onError (C:\\Users\\sammy\\Projects\\DriveCommand\\apps\\web\\.next\\dev\\server\\chunks\\node_modules_@prisma_0hos0ie._.js:4391:15)\n    at PrismaPgAdapter.performIO (C:\\Users\\sammy\\Projects\\DriveCommand\\apps\\web\\.next\\dev\\server\\chunks\\node_modules_@prisma_0hos0ie._.js:4386:18)\n    at process.processTicksAndRejections (node:internal/process/task_queues:103:5)\n    at async PrismaPgAdapter.queryRaw (C:\\Users\\sammy\\Projects\\DriveCommand\\apps\\web\\.next\\dev\\server\\chunks\\node_modules_@prisma_0hos0ie._.js:4311:34)\n    at async e.interpretNode (C:\\Users\\sammy\\Projects\\DriveCommand\\apps\\web\\.next\\dev\\server\\chunks\\apps_web_src_generated_prisma_runtime_client_0nfnq3p.js:4701:60)","message":"tenant context is required: app.current_tenant_id is the EMPTY STRING","name":"DriverAdapterError","cause":{"originalCode":"TC001","originalMessage":"tenant context is required: app.current_tenant_id is the EMPTY STRING","kind":"postgres","code":"TC001","severity":"ERROR","message":"tenant context is required: app.current_tenant_id is the EMPTY STRING","detail":"statement: SELECT \"public\".\"User\".\"id\", \"public\".\"User\".\"email\", \"public\".\"User\".\"firstName\" FROM \"public\".\"User\" WHERE (\"public\".\"User\".\"tenantId\" = $1 AND \"public\".\"User\".\"tenantId\" = $2 AND \"public\".\"User\".\"role\" = CAST($3::text AS \"public\".\"UserRole\") AND \"public\".\"User\".\"isActive\" = $4) OFFSET $5","hint":"This statement ran with no tenant context. Acquire one (getTenantPrisma / getTenantPrismaForOrg / withTenantContext) before querying, or SET app.tenant_context_tripwire = 'off' on this connection."},"clientVersion":"7.6.0"}} Error [DriverAdapterError]: tenant context is required: app.current_tenant_id is the EMPTY STRING
    at async e.interpretNode (src\generated\prisma\runtime\client.js:15:43522)
    at async e.interpretNode (src\generated\prisma\runtime\client.js:15:45151)
    at async e.run (src\generated\prisma\runtime\client.js:15:42242)
    at async e.execute (src\generated\prisma\runtime\client.js:61:815)
    at async qt.request (src\generated\prisma\runtime\client.js:62:2327)
    at async Object.singleLoader (src\generated\prisma\runtime\client.js:69:6569)
    at async zr.request (src\generated\prisma\runtime\client.js:69:7061)
    at async a (src\generated\prisma\runtime\client.js:79:5816)
    at async GET (src\app\api\cron\digest-weekly-owner\route.ts:62:22)
  13 | ...
  14 | ...
> 15 | ...r(let o of n){let s=Sa(o,r.sqlCommenter),a=await this.#l(s,r.queryable,()=>r.queryable....
     |                                               ^
  16 | ...
  17 | ...
  18 | ... {
  clientVersion: '7.6.0',
  [cause]: {
    originalCode: 'TC001',
    originalMessage: 'tenant context is required: app.current_tenant_id is the EMPTY STRING',
    kind: 'postgres',
    code: 'TC001',
    severity: 'ERROR',
    message: 'tenant context is required: app.current_tenant_id is the EMPTY STRING',
    detail: 'statement: SELECT "public"."User"."id", "public"."User"."email", "public"."User"."firstName" FROM "public"."User" WHERE ("public"."User"."tenantId" = $1 AND "public"."User"."tenantId" = $2 AND "public"."User"."role" = CAST($3::text AS "public"."UserRole") AND "public"."User"."isActive" = $4) OFFSET $5',
    column: undefined,
    hint: "This statement ran with no tenant context. Acquire one (getTenantPrisma / getTenantPrismaForOrg / withTenantContext) before querying, or SET app.tenant_context_tripwire = 'off' on this connection."
  }
}
[2026-09-15T18:23:16.755Z] INFO: [CRON] digest-weekly-owner: Completed {"success":false,"processedTenants":2,"sent":0,"skipped":0,"failed":2,"failureCount":2,"failures":[{"scope":"tenant:8c6136c4-eb7b-4a89-a524-d1d0e2c8d045","message":"tenant context is required: app.current_tenant_id is the EMPTY STRING"},{"scope":"tenant:b5623cdd-dc19-4900-b75d-0ecfcaf191b8","message":"tenant context is required: app.current_tenant_id is the EMPTY STRING"}]}
 GET /api/cron/digest-weekly-owner 500 in 1712ms (next.js: 7ms, proxy.ts: 7ms, application-code: 1698ms)
[2026-09-15T18:23:17.139Z] INFO: [CRON] purge-deleted: Starting
[2026-09-15T18:23:17.772Z] ERROR: [CRON] purge-deleted: Failed to purge CarrierLoad {"scope":"CarrierLoad","err":{"stack":"DriverAdapterError: tenant context is required: app.current_tenant_id is the EMPTY STRING\n    at PrismaPgAdapter.onError (C:\\Users\\sammy\\Projects\\DriveCommand\\apps\\web\\.next\\dev\\server\\chunks\\node_modules_@prisma_0hos0ie._.js:4391:15)\n    at PrismaPgAdapter.performIO (C:\\Users\\sammy\\Projects\\DriveCommand\\apps\\web\\.next\\dev\\server\\chunks\\node_modules_@prisma_0hos0ie._.js:4386:18)\n    at process.processTicksAndRejections (node:internal/process/task_queues:103:5)\n    at async PrismaPgAdapter.executeRaw (C:\\Users\\sammy\\Projects\\DriveCommand\\apps\\web\\.next\\dev\\server\\chunks\\node_modules_@prisma_0hos0ie._.js:4349:17)\n    at async e.interpretNode (C:\\Users\\sammy\\Projects\\DriveCommand\\apps\\web\\.next\\dev\\server\\chunks\\apps_web_src_generated_prisma_runtime_client_0nfnq3p.js:4691:30)","message":"tenant context is required: app.current_tenant_id is the EMPTY STRING","name":"DriverAdapterError","cause":{"originalCode":"TC001","originalMessage":"tenant context is required: app.current_tenant_id is the EMPTY STRING","kind":"postgres","code":"TC001","severity":"ERROR","message":"tenant context is required: app.current_tenant_id is the EMPTY STRING","detail":"statement: DELETE FROM \"public\".\"loads\" WHERE (\"public\".\"loads\".\"deleted_at\" IS NOT NULL AND \"public\".\"loads\".\"deleted_at\" < $1)","hint":"This statement ran with no tenant context. Acquire one (getTenantPrisma / getTenantPrismaForOrg / withTenantContext) before querying, or SET app.tenant_context_tripwire = 'off' on this connection."},"clientVersion":"7.6.0"}} Error [DriverAdapterError]: tenant context is required: app.current_tenant_id is the EMPTY STRING
    at async e.interpretNode (src\generated\prisma\runtime\client.js:15:43294)
    at async e.interpretNode (src\generated\prisma\runtime\client.js:15:45151)
    at async e.run (src\generated\prisma\runtime\client.js:15:42242)
    at async e.execute (src\generated\prisma\runtime\client.js:61:815)
    at async qt.request (src\generated\prisma\runtime\client.js:62:2327)
    at async Object.singleLoader (src\generated\prisma\runtime\client.js:69:6569)
    at async zr.request (src\generated\prisma\runtime\client.js:69:7061)
    at async a (src\generated\prisma\runtime\client.js:79:5816)
    at async GET (src\app\api\cron\purge-deleted\route.ts:51:22)
  13 | ...
  14 | ...
> 15 | ...(let o of n){let s=Sa(o,r.sqlCommenter);i+=await this.#l(s,r.queryable,()=>r.queryable....
     |                                               ^
  16 | ...
  17 | ...
  18 | ... {
  clientVersion: '7.6.0',
  [cause]: {
    originalCode: 'TC001',
    originalMessage: 'tenant context is required: app.current_tenant_id is the EMPTY STRING',
    kind: 'postgres',
    code: 'TC001',
    severity: 'ERROR',
    message: 'tenant context is required: app.current_tenant_id is the EMPTY STRING',
    detail: 'statement: DELETE FROM "public"."loads" WHERE ("public"."loads"."deleted_at" IS NOT NULL AND "public"."loads"."deleted_at" < $1)',
    column: undefined,
    hint: "This statement ran with no tenant context. Acquire one (getTenantPrisma / getTenantPrismaForOrg / withTenantContext) before querying, or SET app.tenant_context_tripwire = 'off' on this connection."
  }
}
[2026-09-15T18:23:18.415Z] ERROR: [CRON] purge-deleted: Failed to purge Trip {"scope":"Trip","err":{"stack":"DriverAdapterError: tenant context is required: app.current_tenant_id is the EMPTY STRING\n    at PrismaPgAdapter.onError (C:\\Users\\sammy\\Projects\\DriveCommand\\apps\\web\\.next\\dev\\server\\chunks\\node_modules_@prisma_0hos0ie._.js:4391:15)\n    at PrismaPgAdapter.performIO (C:\\Users\\sammy\\Projects\\DriveCommand\\apps\\web\\.next\\dev\\server\\chunks\\node_modules_@prisma_0hos0ie._.js:4386:18)\n    at process.processTicksAndRejections (node:internal/process/task_queues:103:5)\n    at async PrismaPgAdapter.executeRaw (C:\\Users\\sammy\\Projects\\DriveCommand\\apps\\web\\.next\\dev\\server\\chunks\\node_modules_@prisma_0hos0ie._.js:4349:17)\n    at async e.interpretNode (C:\\Users\\sammy\\Projects\\DriveCommand\\apps\\web\\.next\\dev\\server\\chunks\\apps_web_src_generated_prisma_runtime_client_0nfnq3p.js:4691:30)","message":"tenant context is required: app.current_tenant_id is the EMPTY STRING","name":"DriverAdapterError","cause":{"originalCode":"TC001","originalMessage":"tenant context is required: app.current_tenant_id is the EMPTY STRING","kind":"postgres","code":"TC001","severity":"ERROR","message":"tenant context is required: app.current_tenant_id is the EMPTY STRING","detail":"statement: DELETE FROM \"public\".\"dispatches\" WHERE (\"public\".\"dispatches\".\"deleted_at\" IS NOT NULL AND \"public\".\"dispatches\".\"deleted_at\" < $1)","hint":"This statement ran with no tenant context. Acquire one (getTenantPrisma / getTenantPrismaForOrg / withTenantContext) before querying, or SET app.tenant_context_tripwire = 'off' on this connection."},"clientVersion":"7.6.0"}} Error [DriverAdapterError]: tenant context is required: app.current_tenant_id is the EMPTY STRING
    at async e.interpretNode (src\generated\prisma\runtime\client.js:15:43294)
    at async e.interpretNode (src\generated\prisma\runtime\client.js:15:45151)
    at async e.run (src\generated\prisma\runtime\client.js:15:42242)
    at async e.execute (src\generated\prisma\runtime\client.js:61:815)
    at async qt.request (src\generated\prisma\runtime\client.js:62:2327)
    at async Object.singleLoader (src\generated\prisma\runtime\client.js:69:6569)
    at async zr.request (src\generated\prisma\runtime\client.js:69:7061)
    at async a (src\generated\prisma\runtime\client.js:79:5816)
    at async GET (src\app\api\cron\purge-deleted\route.ts:51:22)
  13 | ...
  14 | ...
> 15 | ...(let o of n){let s=Sa(o,r.sqlCommenter);i+=await this.#l(s,r.queryable,()=>r.queryable....
     |                                               ^
  16 | ...
  17 | ...
  18 | ... {
  clientVersion: '7.6.0',
  [cause]: {
    originalCode: 'TC001',
    originalMessage: 'tenant context is required: app.current_tenant_id is the EMPTY STRING',
    kind: 'postgres',
    code: 'TC001',
    severity: 'ERROR',
    message: 'tenant context is required: app.current_tenant_id is the EMPTY STRING',
    detail: 'statement: DELETE FROM "public"."dispatches" WHERE ("public"."dispatches"."deleted_at" IS NOT NULL AND "public"."dispatches"."deleted_at" < $1)',
    column: undefined,
    hint: "This statement ran with no tenant context. Acquire one (getTenantPrisma / getTenantPrismaForOrg / withTenantContext) before querying, or SET app.tenant_context_tripwire = 'off' on this connection."
  }
}
[2026-09-15T18:23:19.061Z] ERROR: [CRON] purge-deleted: Failed to purge CarrierContract {"scope":"CarrierContract","err":{"stack":"DriverAdapterError: tenant context is required: app.current_tenant_id is the EMPTY STRING\n    at PrismaPgAdapter.onError (C:\\Users\\sammy\\Projects\\DriveCommand\\apps\\web\\.next\\dev\\server\\chunks\\node_modules_@prisma_0hos0ie._.js:4391:15)\n    at PrismaPgAdapter.performIO (C:\\Users\\sammy\\Projects\\DriveCommand\\apps\\web\\.next\\dev\\server\\chunks\\node_modules_@prisma_0hos0ie._.js:4386:18)\n    at process.processTicksAndRejections (node:internal/process/task_queues:103:5)\n    at async PrismaPgAdapter.executeRaw (C:\\Users\\sammy\\Projects\\DriveCommand\\apps\\web\\.next\\dev\\server\\chunks\\node_modules_@prisma_0hos0ie._.js:4349:17)\n    at async e.interpretNode (C:\\Users\\sammy\\Projects\\DriveCommand\\apps\\web\\.next\\dev\\server\\chunks\\apps_web_src_generated_prisma_runtime_client_0nfnq3p.js:4691:30)","message":"tenant context is required: app.current_tenant_id is the EMPTY STRING","name":"DriverAdapterError","cause":{"originalCode":"TC001","originalMessage":"tenant context is required: app.current_tenant_id is the EMPTY STRING","kind":"postgres","code":"TC001","severity":"ERROR","message":"tenant context is required: app.current_tenant_id is the EMPTY STRING","detail":"statement: DELETE FROM \"public\".\"contracts\" WHERE (\"public\".\"contracts\".\"deleted_at\" IS NOT NULL AND \"public\".\"contracts\".\"deleted_at\" < $1)","hint":"This statement ran with no tenant context. Acquire one (getTenantPrisma / getTenantPrismaForOrg / withTenantContext) before querying, or SET app.tenant_context_tripwire = 'off' on this connection."},"clientVersion":"7.6.0"}} Error [DriverAdapterError]: tenant context is required: app.current_tenant_id is the EMPTY STRING
    at async e.interpretNode (src\generated\prisma\runtime\client.js:15:43294)
    at async e.interpretNode (src\generated\prisma\runtime\client.js:15:45151)
    at async e.run (src\generated\prisma\runtime\client.js:15:42242)
    at async e.execute (src\generated\prisma\runtime\client.js:61:815)
    at async qt.request (src\generated\prisma\runtime\client.js:62:2327)
    at async Object.singleLoader (src\generated\prisma\runtime\client.js:69:6569)
    at async zr.request (src\generated\prisma\runtime\client.js:69:7061)
    at async a (src\generated\prisma\runtime\client.js:79:5816)
    at async GET (src\app\api\cron\purge-deleted\route.ts:51:22)
  13 | ...
  14 | ...
> 15 | ...(let o of n){let s=Sa(o,r.sqlCommenter);i+=await this.#l(s,r.queryable,()=>r.queryable....
     |                                               ^
  16 | ...
  17 | ...
  18 | ... {
  clientVersion: '7.6.0',
  [cause]: {
    originalCode: 'TC001',
    originalMessage: 'tenant context is required: app.current_tenant_id is the EMPTY STRING',
    kind: 'postgres',
    code: 'TC001',
    severity: 'ERROR',
    message: 'tenant context is required: app.current_tenant_id is the EMPTY STRING',
    detail: 'statement: DELETE FROM "public"."contracts" WHERE ("public"."contracts"."deleted_at" IS NOT NULL AND "public"."contracts"."deleted_at" < $1)',
    column: undefined,
    hint: "This statement ran with no tenant context. Acquire one (getTenantPrisma / getTenantPrismaForOrg / withTenantContext) before querying, or SET app.tenant_context_tripwire = 'off' on this connection."
  }
}
[2026-09-15T18:23:19.688Z] ERROR: [CRON] purge-deleted: Failed to purge CarrierClient {"scope":"CarrierClient","err":{"stack":"DriverAdapterError: tenant context is required: app.current_tenant_id is the EMPTY STRING\n    at PrismaPgAdapter.onError (C:\\Users\\sammy\\Projects\\DriveCommand\\apps\\web\\.next\\dev\\server\\chunks\\node_modules_@prisma_0hos0ie._.js:4391:15)\n    at PrismaPgAdapter.performIO (C:\\Users\\sammy\\Projects\\DriveCommand\\apps\\web\\.next\\dev\\server\\chunks\\node_modules_@prisma_0hos0ie._.js:4386:18)\n    at process.processTicksAndRejections (node:internal/process/task_queues:103:5)\n    at async PrismaPgAdapter.executeRaw (C:\\Users\\sammy\\Projects\\DriveCommand\\apps\\web\\.next\\dev\\server\\chunks\\node_modules_@prisma_0hos0ie._.js:4349:17)\n    at async e.interpretNode (C:\\Users\\sammy\\Projects\\DriveCommand\\apps\\web\\.next\\dev\\server\\chunks\\apps_web_src_generated_prisma_runtime_client_0nfnq3p.js:4691:30)","message":"tenant context is required: app.current_tenant_id is the EMPTY STRING","name":"DriverAdapterError","cause":{"originalCode":"TC001","originalMessage":"tenant context is required: app.current_tenant_id is the EMPTY STRING","kind":"postgres","code":"TC001","severity":"ERROR","message":"tenant context is required: app.current_tenant_id is the EMPTY STRING","detail":"statement: DELETE FROM \"public\".\"clients\" WHERE (\"public\".\"clients\".\"deleted_at\" IS NOT NULL AND \"public\".\"clients\".\"deleted_at\" < $1)","hint":"This statement ran with no tenant context. Acquire one (getTenantPrisma / getTenantPrismaForOrg / withTenantContext) before querying, or SET app.tenant_context_tripwire = 'off' on this connection."},"clientVersion":"7.6.0"}} Error [DriverAdapterError]: tenant context is required: app.current_tenant_id is the EMPTY STRING
    at async e.interpretNode (src\generated\prisma\runtime\client.js:15:43294)
    at async e.interpretNode (src\generated\prisma\runtime\client.js:15:45151)
    at async e.run (src\generated\prisma\runtime\client.js:15:42242)
    at async e.execute (src\generated\prisma\runtime\client.js:61:815)
    at async qt.request (src\generated\prisma\runtime\client.js:62:2327)
    at async Object.singleLoader (src\generated\prisma\runtime\client.js:69:6569)
    at async zr.request (src\generated\prisma\runtime\client.js:69:7061)
    at async a (src\generated\prisma\runtime\client.js:79:5816)
    at async GET (src\app\api\cron\purge-deleted\route.ts:51:22)
  13 | ...
  14 | ...
> 15 | ...(let o of n){let s=Sa(o,r.sqlCommenter);i+=await this.#l(s,r.queryable,()=>r.queryable....
     |                                               ^
  16 | ...
  17 | ...
  18 | ... {
  clientVersion: '7.6.0',
  [cause]: {
    originalCode: 'TC001',
    originalMessage: 'tenant context is required: app.current_tenant_id is the EMPTY STRING',
    kind: 'postgres',
    code: 'TC001',
    severity: 'ERROR',
    message: 'tenant context is required: app.current_tenant_id is the EMPTY STRING',
    detail: 'statement: DELETE FROM "public"."clients" WHERE ("public"."clients"."deleted_at" IS NOT NULL AND "public"."clients"."deleted_at" < $1)',
    column: undefined,
    hint: "This statement ran with no tenant context. Acquire one (getTenantPrisma / getTenantPrismaForOrg / withTenantContext) before querying, or SET app.tenant_context_tripwire = 'off' on this connection."
  }
}
[2026-09-15T18:23:21.221Z] ERROR: [CRON] purge-deleted: Failed to purge CarrierDriver {"scope":"CarrierDriver","err":{"stack":"DriverAdapterError: tenant context is required: app.current_tenant_id is the EMPTY STRING\n    at PrismaPgAdapter.onError (C:\\Users\\sammy\\Projects\\DriveCommand\\apps\\web\\.next\\dev\\server\\chunks\\node_modules_@prisma_0hos0ie._.js:4391:15)\n    at PrismaPgAdapter.performIO (C:\\Users\\sammy\\Projects\\DriveCommand\\apps\\web\\.next\\dev\\server\\chunks\\node_modules_@prisma_0hos0ie._.js:4386:18)\n    at process.processTicksAndRejections (node:internal/process/task_queues:103:5)\n    at async PrismaPgAdapter.executeRaw (C:\\Users\\sammy\\Projects\\DriveCommand\\apps\\web\\.next\\dev\\server\\chunks\\node_modules_@prisma_0hos0ie._.js:4349:17)\n    at async e.interpretNode (C:\\Users\\sammy\\Projects\\DriveCommand\\apps\\web\\.next\\dev\\server\\chunks\\apps_web_src_generated_prisma_runtime_client_0nfnq3p.js:4691:30)","message":"tenant context is required: app.current_tenant_id is the EMPTY STRING","name":"DriverAdapterError","cause":{"originalCode":"TC001","originalMessage":"tenant context is required: app.current_tenant_id is the EMPTY STRING","kind":"postgres","code":"TC001","severity":"ERROR","message":"tenant context is required: app.current_tenant_id is the EMPTY STRING","detail":"statement: DELETE FROM \"public\".\"carrier_drivers\" WHERE (\"public\".\"carrier_drivers\".\"deleted_at\" IS NOT NULL AND \"public\".\"carrier_drivers\".\"deleted_at\" < $1)","hint":"This statement ran with no tenant context. Acquire one (getTenantPrisma / getTenantPrismaForOrg / withTenantContext) before querying, or SET app.tenant_context_tripwire = 'off' on this connection."},"clientVersion":"7.6.0"}} Error [DriverAdapterError]: tenant context is required: app.current_tenant_id is the EMPTY STRING
    at async e.interpretNode (src\generated\prisma\runtime\client.js:15:43294)
    at async e.interpretNode (src\generated\prisma\runtime\client.js:15:45151)
    at async e.run (src\generated\prisma\runtime\client.js:15:42242)
    at async e.execute (src\generated\prisma\runtime\client.js:61:815)
    at async qt.request (src\generated\prisma\runtime\client.js:62:2327)
    at async Object.singleLoader (src\generated\prisma\runtime\client.js:69:6569)
    at async zr.request (src\generated\prisma\runtime\client.js:69:7061)
    at async a (src\generated\prisma\runtime\client.js:79:5816)
    at async GET (src\app\api\cron\purge-deleted\route.ts:51:22)
  13 | ...
  14 | ...
> 15 | ...(let o of n){let s=Sa(o,r.sqlCommenter);i+=await this.#l(s,r.queryable,()=>r.queryable....
     |                                               ^
  16 | ...
  17 | ...
  18 | ... {
  clientVersion: '7.6.0',
  [cause]: {
    originalCode: 'TC001',
    originalMessage: 'tenant context is required: app.current_tenant_id is the EMPTY STRING',
    kind: 'postgres',
    code: 'TC001',
    severity: 'ERROR',
    message: 'tenant context is required: app.current_tenant_id is the EMPTY STRING',
    detail: 'statement: DELETE FROM "public"."carrier_drivers" WHERE ("public"."carrier_drivers"."deleted_at" IS NOT NULL AND "public"."carrier_drivers"."deleted_at" < $1)',
    column: undefined,
    hint: "This statement ran with no tenant context. Acquire one (getTenantPrisma / getTenantPrismaForOrg / withTenantContext) before querying, or SET app.tenant_context_tripwire = 'off' on this connection."
  }
}
[2026-09-15T18:23:21.851Z] ERROR: [CRON] purge-deleted: Failed to purge CarrierTruck {"scope":"CarrierTruck","err":{"stack":"DriverAdapterError: tenant context is required: app.current_tenant_id is the EMPTY STRING\n    at PrismaPgAdapter.onError (C:\\Users\\sammy\\Projects\\DriveCommand\\apps\\web\\.next\\dev\\server\\chunks\\node_modules_@prisma_0hos0ie._.js:4391:15)\n    at PrismaPgAdapter.performIO (C:\\Users\\sammy\\Projects\\DriveCommand\\apps\\web\\.next\\dev\\server\\chunks\\node_modules_@prisma_0hos0ie._.js:4386:18)\n    at process.processTicksAndRejections (node:internal/process/task_queues:103:5)\n    at async PrismaPgAdapter.executeRaw (C:\\Users\\sammy\\Projects\\DriveCommand\\apps\\web\\.next\\dev\\server\\chunks\\node_modules_@prisma_0hos0ie._.js:4349:17)\n    at async e.interpretNode (C:\\Users\\sammy\\Projects\\DriveCommand\\apps\\web\\.next\\dev\\server\\chunks\\apps_web_src_generated_prisma_runtime_client_0nfnq3p.js:4691:30)","message":"tenant context is required: app.current_tenant_id is the EMPTY STRING","name":"DriverAdapterError","cause":{"originalCode":"TC001","originalMessage":"tenant context is required: app.current_tenant_id is the EMPTY STRING","kind":"postgres","code":"TC001","severity":"ERROR","message":"tenant context is required: app.current_tenant_id is the EMPTY STRING","detail":"statement: DELETE FROM \"public\".\"carrier_trucks\" WHERE (\"public\".\"carrier_trucks\".\"deleted_at\" IS NOT NULL AND \"public\".\"carrier_trucks\".\"deleted_at\" < $1)","hint":"This statement ran with no tenant context. Acquire one (getTenantPrisma / getTenantPrismaForOrg / withTenantContext) before querying, or SET app.tenant_context_tripwire = 'off' on this connection."},"clientVersion":"7.6.0"}} Error [DriverAdapterError]: tenant context is required: app.current_tenant_id is the EMPTY STRING
    at async e.interpretNode (src\generated\prisma\runtime\client.js:15:43294)
    at async e.interpretNode (src\generated\prisma\runtime\client.js:15:45151)
    at async e.run (src\generated\prisma\runtime\client.js:15:42242)
    at async e.execute (src\generated\prisma\runtime\client.js:61:815)
    at async qt.request (src\generated\prisma\runtime\client.js:62:2327)
    at async Object.singleLoader (src\generated\prisma\runtime\client.js:69:6569)
    at async zr.request (src\generated\prisma\runtime\client.js:69:7061)
    at async a (src\generated\prisma\runtime\client.js:79:5816)
    at async GET (src\app\api\cron\purge-deleted\route.ts:51:22)
  13 | ...
  14 | ...
> 15 | ...(let o of n){let s=Sa(o,r.sqlCommenter);i+=await this.#l(s,r.queryable,()=>r.queryable....
     |                                               ^
  16 | ...
  17 | ...
  18 | ... {
  clientVersion: '7.6.0',
  [cause]: {
    originalCode: 'TC001',
    originalMessage: 'tenant context is required: app.current_tenant_id is the EMPTY STRING',
    kind: 'postgres',
    code: 'TC001',
    severity: 'ERROR',
    message: 'tenant context is required: app.current_tenant_id is the EMPTY STRING',
    detail: 'statement: DELETE FROM "public"."carrier_trucks" WHERE ("public"."carrier_trucks"."deleted_at" IS NOT NULL AND "public"."carrier_trucks"."deleted_at" < $1)',
    column: undefined,
    hint: "This statement ran with no tenant context. Acquire one (getTenantPrisma / getTenantPrismaForOrg / withTenantContext) before querying, or SET app.tenant_context_tripwire = 'off' on this connection."
  }
}
[2026-09-15T18:23:22.472Z] ERROR: [CRON] purge-deleted: Failed to purge Route {"scope":"Route","err":{"stack":"DriverAdapterError: tenant context is required: app.current_tenant_id is the EMPTY STRING\n    at PrismaPgAdapter.onError (C:\\Users\\sammy\\Projects\\DriveCommand\\apps\\web\\.next\\dev\\server\\chunks\\node_modules_@prisma_0hos0ie._.js:4391:15)\n    at PrismaPgAdapter.performIO (C:\\Users\\sammy\\Projects\\DriveCommand\\apps\\web\\.next\\dev\\server\\chunks\\node_modules_@prisma_0hos0ie._.js:4386:18)\n    at process.processTicksAndRejections (node:internal/process/task_queues:103:5)\n    at async PrismaPgAdapter.executeRaw (C:\\Users\\sammy\\Projects\\DriveCommand\\apps\\web\\.next\\dev\\server\\chunks\\node_modules_@prisma_0hos0ie._.js:4349:17)\n    at async e.interpretNode (C:\\Users\\sammy\\Projects\\DriveCommand\\apps\\web\\.next\\dev\\server\\chunks\\apps_web_src_generated_prisma_runtime_client_0nfnq3p.js:4691:30)","message":"tenant context is required: app.current_tenant_id is the EMPTY STRING","name":"DriverAdapterError","cause":{"originalCode":"TC001","originalMessage":"tenant context is required: app.current_tenant_id is the EMPTY STRING","kind":"postgres","code":"TC001","severity":"ERROR","message":"tenant context is required: app.current_tenant_id is the EMPTY STRING","detail":"statement: DELETE FROM \"public\".\"Route\" WHERE (\"public\".\"Route\".\"deletedAt\" IS NOT NULL AND \"public\".\"Route\".\"deletedAt\" < $1)","hint":"This statement ran with no tenant context. Acquire one (getTenantPrisma / getTenantPrismaForOrg / withTenantContext) before querying, or SET app.tenant_context_tripwire = 'off' on this connection."},"clientVersion":"7.6.0"}} Error [DriverAdapterError]: tenant context is required: app.current_tenant_id is the EMPTY STRING
    at async e.interpretNode (src\generated\prisma\runtime\client.js:15:43294)
    at async e.interpretNode (src\generated\prisma\runtime\client.js:15:45151)
    at async e.run (src\generated\prisma\runtime\client.js:15:42242)
    at async e.execute (src\generated\prisma\runtime\client.js:61:815)
    at async qt.request (src\generated\prisma\runtime\client.js:62:2327)
    at async Object.singleLoader (src\generated\prisma\runtime\client.js:69:6569)
    at async zr.request (src\generated\prisma\runtime\client.js:69:7061)
    at async a (src\generated\prisma\runtime\client.js:79:5816)
    at async GET (src\app\api\cron\purge-deleted\route.ts:51:22)
  13 | ...
  14 | ...
> 15 | ...(let o of n){let s=Sa(o,r.sqlCommenter);i+=await this.#l(s,r.queryable,()=>r.queryable....
     |                                               ^
  16 | ...
  17 | ...
  18 | ... {
  clientVersion: '7.6.0',
  [cause]: {
    originalCode: 'TC001',
    originalMessage: 'tenant context is required: app.current_tenant_id is the EMPTY STRING',
    kind: 'postgres',
    code: 'TC001',
    severity: 'ERROR',
    message: 'tenant context is required: app.current_tenant_id is the EMPTY STRING',
    detail: 'statement: DELETE FROM "public"."Route" WHERE ("public"."Route"."deletedAt" IS NOT NULL AND "public"."Route"."deletedAt" < $1)',
    column: undefined,
    hint: "This statement ran with no tenant context. Acquire one (getTenantPrisma / getTenantPrismaForOrg / withTenantContext) before querying, or SET app.tenant_context_tripwire = 'off' on this connection."
  }
}
[2026-09-15T18:23:22.582Z] INFO: [CRON] purge-deleted: Completed {"totalPurged":0,"results":{},"failureCount":7,"failures":[{"scope":"CarrierLoad","message":"tenant context is required: app.current_tenant_id is the EMPTY STRING"},{"scope":"Trip","message":"tenant context is required: app.current_tenant_id is the EMPTY STRING"},{"scope":"CarrierContract","message":"tenant context is required: app.current_tenant_id is the EMPTY STRING"},{"scope":"CarrierClient","message":"tenant context is required: app.current_tenant_id is the EMPTY STRING"},{"scope":"CarrierDriver","message":"tenant context is required: app.current_tenant_id is the EMPTY STRING"},{"scope":"CarrierTruck","message":"tenant context is required: app.current_tenant_id is the EMPTY STRING"},{"scope":"Route","message":"tenant context is required: app.current_tenant_id is the EMPTY STRING"}]}
 GET /api/cron/purge-deleted 500 in 5.5s (next.js: 7ms, proxy.ts: 5ms, application-code: 5.5s)
[2026-09-15T18:23:22.968Z] INFO: [CRON] send-reminders: Starting daily reminder processing
[2026-09-15T18:23:22.969Z] INFO: [admin-db] privileged query {"reason":"reminders cron tenant sweep"}
[2026-09-15T18:23:23.044Z] INFO: [CRON] send-reminders: Found 2 active tenant(s)
[2026-09-15T18:23:23.045Z] INFO: [CRON] send-reminders: Processing tenant Staging Beta Logistics (8c6136c4-eb7b-4a89-a524-d1d0e2c8d045)
[2026-09-15T18:23:23.579Z] ERROR: [CRON] send-reminders: Failed to process tenant Staging Beta Logistics {"tenantName":"Staging Beta Logistics","scope":"tenant:8c6136c4-eb7b-4a89-a524-d1d0e2c8d045","err":{"stack":"DriverAdapterError: tenant context is required: app.current_tenant_id is the EMPTY STRING\n    at PrismaPgAdapter.onError (C:\\Users\\sammy\\Projects\\DriveCommand\\apps\\web\\.next\\dev\\server\\chunks\\node_modules_@prisma_0hos0ie._.js:4391:15)\n    at PrismaPgAdapter.performIO (C:\\Users\\sammy\\Projects\\DriveCommand\\apps\\web\\.next\\dev\\server\\chunks\\node_modules_@prisma_0hos0ie._.js:4386:18)\n    at process.processTicksAndRejections (node:internal/process/task_queues:103:5)\n    at async PrismaPgAdapter.queryRaw (C:\\Users\\sammy\\Projects\\DriveCommand\\apps\\web\\.next\\dev\\server\\chunks\\node_modules_@prisma_0hos0ie._.js:4311:34)\n    at async e.interpretNode (C:\\Users\\sammy\\Projects\\DriveCommand\\apps\\web\\.next\\dev\\server\\chunks\\apps_web_src_generated_prisma_runtime_client_0nfnq3p.js:4701:60)","message":"tenant context is required: app.current_tenant_id is the EMPTY STRING","name":"DriverAdapterError","cause":{"originalCode":"TC001","originalMessage":"tenant context is required: app.current_tenant_id is the EMPTY STRING","kind":"postgres","code":"TC001","severity":"ERROR","message":"tenant context is required: app.current_tenant_id is the EMPTY STRING","detail":"statement: SELECT \"public\".\"ScheduledService\".\"id\", \"public\".\"ScheduledService\".\"tenantId\", \"public\".\"ScheduledService\".\"truckId\", \"public\".\"ScheduledService\".\"serviceType\", \"public\".\"ScheduledService\".\"intervalDays\", \"public\".\"ScheduledService\".\"intervalMiles\", \"public\".\"ScheduledService\".\"baselineDate\", \"public\".\"ScheduledService\".\"baselineOdometer\", \"public\".\"ScheduledService\".\"notes\", \"public\".\"ScheduledService\".\"isCompleted\", \"public\".\"ScheduledService\".\"completedAt\", \"public\".\"ScheduledService\".\"createdById\", \"public\".\"ScheduledService\".\"updatedById\", \"public\".\"ScheduledService\".\"createdAt\", \"public\".\"ScheduledService\".\"updatedAt\" FROM \"public\".\"ScheduledService\" WHERE (\"public\".\"ScheduledService\".\"tenantId\" = $1 AND \"public\".\"ScheduledService\".\"isCompleted\" = $2) OFFSET $3","hint":"This statement ran with no tenant context. Acquire one (getTenantPrisma / getTenantPrismaForOrg / withTenantContext) before querying, or SET app.tenant_context_tripwire = 'off' on this connection."},"clientVersion":"7.6.0"}} Error [DriverAdapterError]: tenant context is required: app.current_tenant_id is the EMPTY STRING
    at async e.interpretNode (src\generated\prisma\runtime\client.js:15:43522)
    at async e.interpretNode (src\generated\prisma\runtime\client.js:15:42651)
    at async e.interpretNode (src\generated\prisma\runtime\client.js:15:45151)
    at async e.run (src\generated\prisma\runtime\client.js:15:42242)
    at async e.execute (src\generated\prisma\runtime\client.js:61:815)
    at async qt.request (src\generated\prisma\runtime\client.js:62:2327)
    at async Object.singleLoader (src\generated\prisma\runtime\client.js:69:6569)
    at async zr.request (src\generated\prisma\runtime\client.js:69:7061)
    at async a (src\generated\prisma\runtime\client.js:79:5816)
    at async findUpcomingMaintenance (src\lib\notifications\check-upcoming-maintenance.ts:31:29)
    at async GET (src\app\api\cron\send-reminders\route.ts:98:81)
  13 | ...
  14 | ...
> 15 | ...r(let o of n){let s=Sa(o,r.sqlCommenter),a=await this.#l(s,r.queryable,()=>r.queryable....
     |                                               ^
  16 | ...
  17 | ...
  18 | ... {
  clientVersion: '7.6.0',
  [cause]: {
    originalCode: 'TC001',
    originalMessage: 'tenant context is required: app.current_tenant_id is the EMPTY STRING',
    kind: 'postgres',
    code: 'TC001',
    severity: 'ERROR',
    message: 'tenant context is required: app.current_tenant_id is the EMPTY STRING',
    detail: 'statement: SELECT "public"."ScheduledService"."id", "public"."ScheduledService"."tenantId", "public"."ScheduledService"."truckId", "public"."ScheduledService"."serviceType", "public"."ScheduledService"."intervalDays", "public"."ScheduledService"."intervalMiles", "public"."ScheduledService"."baselineDate", "public"."ScheduledService"."baselineOdometer", "public"."ScheduledService"."notes", "public"."ScheduledService"."isCompleted", "public"."ScheduledService"."completedAt", "public"."ScheduledService"."createdById", "public"."ScheduledService"."updatedById", "public"."ScheduledService"."createdAt", "public"."ScheduledService"."updatedAt" FROM "public"."ScheduledService" WHERE ("public"."ScheduledService"."tenantId" = $1 AND "public"."ScheduledService"."isCompleted" = $2) OFFSET $3',
    column: undefined,
    hint: "This statement ran with no tenant context. Acquire one (getTenantPrisma / getTenantPrismaForOrg / withTenantContext) before querying, or SET app.tenant_context_tripwire = 'off' on this connection."
  }
}
[2026-09-15T18:23:23.649Z] INFO: [CRON] send-reminders: Processing tenant Staging Alpha Carriers (b5623cdd-dc19-4900-b75d-0ecfcaf191b8)
[2026-09-15T18:23:24.170Z] ERROR: [CRON] send-reminders: Failed to process tenant Staging Alpha Carriers {"tenantName":"Staging Alpha Carriers","scope":"tenant:b5623cdd-dc19-4900-b75d-0ecfcaf191b8","err":{"stack":"DriverAdapterError: tenant context is required: app.current_tenant_id is the EMPTY STRING\n    at PrismaPgAdapter.onError (C:\\Users\\sammy\\Projects\\DriveCommand\\apps\\web\\.next\\dev\\server\\chunks\\node_modules_@prisma_0hos0ie._.js:4391:15)\n    at PrismaPgAdapter.performIO (C:\\Users\\sammy\\Projects\\DriveCommand\\apps\\web\\.next\\dev\\server\\chunks\\node_modules_@prisma_0hos0ie._.js:4386:18)\n    at process.processTicksAndRejections (node:internal/process/task_queues:103:5)\n    at async PrismaPgAdapter.queryRaw (C:\\Users\\sammy\\Projects\\DriveCommand\\apps\\web\\.next\\dev\\server\\chunks\\node_modules_@prisma_0hos0ie._.js:4311:34)\n    at async e.interpretNode (C:\\Users\\sammy\\Projects\\DriveCommand\\apps\\web\\.next\\dev\\server\\chunks\\apps_web_src_generated_prisma_runtime_client_0nfnq3p.js:4701:60)","message":"tenant context is required: app.current_tenant_id is the EMPTY STRING","name":"DriverAdapterError","cause":{"originalCode":"TC001","originalMessage":"tenant context is required: app.current_tenant_id is the EMPTY STRING","kind":"postgres","code":"TC001","severity":"ERROR","message":"tenant context is required: app.current_tenant_id is the EMPTY STRING","detail":"statement: SELECT \"public\".\"ScheduledService\".\"id\", \"public\".\"ScheduledService\".\"tenantId\", \"public\".\"ScheduledService\".\"truckId\", \"public\".\"ScheduledService\".\"serviceType\", \"public\".\"ScheduledService\".\"intervalDays\", \"public\".\"ScheduledService\".\"intervalMiles\", \"public\".\"ScheduledService\".\"baselineDate\", \"public\".\"ScheduledService\".\"baselineOdometer\", \"public\".\"ScheduledService\".\"notes\", \"public\".\"ScheduledService\".\"isCompleted\", \"public\".\"ScheduledService\".\"completedAt\", \"public\".\"ScheduledService\".\"createdById\", \"public\".\"ScheduledService\".\"updatedById\", \"public\".\"ScheduledService\".\"createdAt\", \"public\".\"ScheduledService\".\"updatedAt\" FROM \"public\".\"ScheduledService\" WHERE (\"public\".\"ScheduledService\".\"tenantId\" = $1 AND \"public\".\"ScheduledService\".\"isCompleted\" = $2) OFFSET $3","hint":"This statement ran with no tenant context. Acquire one (getTenantPrisma / getTenantPrismaForOrg / withTenantContext) before querying, or SET app.tenant_context_tripwire = 'off' on this connection."},"clientVersion":"7.6.0"}} Error [DriverAdapterError]: tenant context is required: app.current_tenant_id is the EMPTY STRING
    at async e.interpretNode (src\generated\prisma\runtime\client.js:15:43522)
    at async e.interpretNode (src\generated\prisma\runtime\client.js:15:42651)
    at async e.interpretNode (src\generated\prisma\runtime\client.js:15:45151)
    at async e.run (src\generated\prisma\runtime\client.js:15:42242)
    at async e.execute (src\generated\prisma\runtime\client.js:61:815)
    at async qt.request (src\generated\prisma\runtime\client.js:62:2327)
    at async Object.singleLoader (src\generated\prisma\runtime\client.js:69:6569)
    at async zr.request (src\generated\prisma\runtime\client.js:69:7061)
    at async a (src\generated\prisma\runtime\client.js:79:5816)
    at async findUpcomingMaintenance (src\lib\notifications\check-upcoming-maintenance.ts:31:29)
    at async GET (src\app\api\cron\send-reminders\route.ts:98:81)
  13 | ...
  14 | ...
> 15 | ...r(let o of n){let s=Sa(o,r.sqlCommenter),a=await this.#l(s,r.queryable,()=>r.queryable....
     |                                               ^
  16 | ...
  17 | ...
  18 | ... {
  clientVersion: '7.6.0',
  [cause]: {
    originalCode: 'TC001',
    originalMessage: 'tenant context is required: app.current_tenant_id is the EMPTY STRING',
    kind: 'postgres',
    code: 'TC001',
    severity: 'ERROR',
    message: 'tenant context is required: app.current_tenant_id is the EMPTY STRING',
    detail: 'statement: SELECT "public"."ScheduledService"."id", "public"."ScheduledService"."tenantId", "public"."ScheduledService"."truckId", "public"."ScheduledService"."serviceType", "public"."ScheduledService"."intervalDays", "public"."ScheduledService"."intervalMiles", "public"."ScheduledService"."baselineDate", "public"."ScheduledService"."baselineOdometer", "public"."ScheduledService"."notes", "public"."ScheduledService"."isCompleted", "public"."ScheduledService"."completedAt", "public"."ScheduledService"."createdById", "public"."ScheduledService"."updatedById", "public"."ScheduledService"."createdAt", "public"."ScheduledService"."updatedAt" FROM "public"."ScheduledService" WHERE ("public"."ScheduledService"."tenantId" = $1 AND "public"."ScheduledService"."isCompleted" = $2) OFFSET $3',
    column: undefined,
    hint: "This statement ran with no tenant context. Acquire one (getTenantPrisma / getTenantPrismaForOrg / withTenantContext) before querying, or SET app.tenant_context_tripwire = 'off' on this connection."
  }
}
[2026-09-15T18:23:24.248Z] INFO: [CRON] send-reminders: Completed {"success":false,"processedTenants":0,"tenantsFound":2,"maintenance":{"sent":0,"skipped":0,"failed":0},"documents":{"sent":0,"skipped":0,"failed":0},"driverDocuments":{"sent":0,"skipped":0,"failed":0},"failureCount":2,"failures":[{"scope":"tenant:8c6136c4-eb7b-4a89-a524-d1d0e2c8d045","message":"tenant context is required: app.current_tenant_id is the EMPTY STRING"},{"scope":"tenant:b5623cdd-dc19-4900-b75d-0ecfcaf191b8","message":"tenant context is required: app.current_tenant_id is the EMPTY STRING"}]}
 GET /api/cron/send-reminders 500 in 1302ms (next.js: 6ms, proxy.ts: 5ms, application-code: 1291ms)
 GET /carrier/driver-pay/settlements 200 in 4.7s (next.js: 12ms, proxy.ts: 297ms, application-code: 4.4s)
 GET /checklists/automation 200 in 953ms (next.js: 13ms, proxy.ts: 399ms, application-code: 541ms)
[2026-09-15T18:23:31.511Z] INFO: [CRON] trip-reminders: done {"tenantsProcessed":1,"tenantsFailed":0,"remindersSent":0,"failureCount":0,"failures":[]}
 GET /api/cron/trip-reminders 200 in 519ms (next.js: 3ms, proxy.ts: 4ms, application-code: 512ms)
[2026-09-15T18:23:31.889Z] INFO: [CRON] workflow-notifications: Starting sweep
[2026-09-15T18:23:31.890Z] INFO: [admin-db] privileged query {"reason":"workflow overdue-step sweep"}
[2026-09-15T18:23:32.035Z] INFO: [CRON] workflow-notifications: Found 0 overdue step(s)
[2026-09-15T18:23:32.036Z] INFO: [admin-db] privileged query {"reason":"workflow blocked-instance sweep"}
[2026-09-15T18:23:32.113Z] ERROR: [CRON] workflow-notifications: Sweep 2 (INSTANCE_BLOCKED email) query failed {"scope":"sweep:INSTANCE_BLOCKED","err":{"stack":"DriverAdapterError: permission denied for table PlaybookNotification\n    at PrismaPgAdapter.onError (C:\\Users\\sammy\\Projects\\DriveCommand\\apps\\web\\.next\\dev\\server\\chunks\\node_modules_@prisma_0hos0ie._.js:4391:15)\n    at PrismaPgAdapter.performIO (C:\\Users\\sammy\\Projects\\DriveCommand\\apps\\web\\.next\\dev\\server\\chunks\\node_modules_@prisma_0hos0ie._.js:4386:18)\n    at process.processTicksAndRejections (node:internal/process/task_queues:103:5)\n    at async PrismaPgAdapter.queryRaw (C:\\Users\\sammy\\Projects\\DriveCommand\\apps\\web\\.next\\dev\\server\\chunks\\node_modules_@prisma_0hos0ie._.js:4311:34)\n    at async e.interpretNode (C:\\Users\\sammy\\Projects\\DriveCommand\\apps\\web\\.next\\dev\\server\\chunks\\apps_web_src_generated_prisma_runtime_client_0nfnq3p.js:4701:60)","message":"permission denied for table PlaybookNotification","name":"DriverAdapterError","cause":{"originalCode":"42501","originalMessage":"permission denied for table PlaybookNotification","kind":"postgres","code":"42501","severity":"ERROR","message":"permission denied for table PlaybookNotification"},"clientVersion":"7.6.0"}} Error [DriverAdapterError]: permission denied for table PlaybookNotification
    at async e.interpretNode (src\generated\prisma\runtime\client.js:15:43522)
    at async e.interpretNode (src\generated\prisma\runtime\client.js:15:45151)
    at async e.run (src\generated\prisma\runtime\client.js:15:42242)
    at async e.execute (src\generated\prisma\runtime\client.js:61:815)
    at async qt.request (src\generated\prisma\runtime\client.js:62:2327)
    at async Object.singleLoader (src\generated\prisma\runtime\client.js:69:6569)
    at async zr.request (src\generated\prisma\runtime\client.js:69:7061)
    at async a (src\generated\prisma\runtime\client.js:79:5816)
    at async GET (src\app\api\cron\workflow-notifications\route.ts:146:30)
  13 | ...
  14 | ...
> 15 | ...r(let o of n){let s=Sa(o,r.sqlCommenter),a=await this.#l(s,r.queryable,()=>r.queryable....
     |                                               ^
  16 | ...
  17 | ...
  18 | ... {
  clientVersion: '7.6.0',
  [cause]: {
    originalCode: '42501',
    originalMessage: 'permission denied for table PlaybookNotification',
    kind: 'postgres',
    code: '42501',
    severity: 'ERROR',
    message: 'permission denied for table PlaybookNotification',
    detail: undefined,
    column: undefined,
    hint: undefined
  }
}
[2026-09-15T18:23:32.192Z] INFO: [CRON] workflow-notifications: Completed {"stats":{"overdueSent":0,"overdueErrors":0,"blockedEmailsSent":0,"blockedEmailErrors":0,"sweepsFailed":1},"failureCount":1,"failures":[{"scope":"sweep:INSTANCE_BLOCKED","message":"permission denied for table PlaybookNotification"}]}
 GET /api/cron/workflow-notifications 500 in 323ms (next.js: 6ms, proxy.ts: 4ms, application-code: 314ms)
Browserslist: browsers data (caniuse-lite) is 7 months old. Please run:
  npx update-browserslist-db@latest
  Why you should do it regularly: https://github.com/browserslist/update-db#readme
 POST /api/auth/login 200 in 2.1s (next.js: 321ms, proxy.ts: 57ms, application-code: 1725ms)
 POST /api/auth/login 200 in 858ms (next.js: 5ms, proxy.ts: 6ms, application-code: 847ms)
[2026-09-15T18:28:56.608Z] INFO: [CRON] digest-compliance-30day: Starting 30-day compliance digest
[2026-09-15T18:28:56.608Z] INFO: [admin-db] privileged query {"reason":"compliance digest tenant sweep"}
[2026-09-15T18:28:57.000Z] INFO: [CRON] digest-compliance-30day: Found 2 active tenant(s)
[2026-09-15T18:28:57.168Z] ERROR: [CRON] digest-compliance-30day: owner 00dc04fb-dff5-441c-824b-d11c64d560af failed {"tenantId":"8c6136c4-eb7b-4a89-a524-d1d0e2c8d045","scope":"owner:00dc04fb-dff5-441c-824b-d11c64d560af","err":{"stack":"PrismaClientValidationError: \nInvalid `prisma.document.findMany()` invocation:\n\n{\n  where: {\n    AND: [","message":"\nInvalid `prisma.document.findMany()` invocation:\n\n{\n  where: {\n    AND: [\n      {\n        tenantId: \"8c6136c4-eb7b-4a89-a524-d1d0e2c8d045\"\n      },\n      {\n        tenantId: \"8c6136c4-eb7b-4a89-a524-d1d0e2c8d045\",\n        truckId: {\n          not: null\n        },\n        driverId: null,\n        expiryDate: {\n          gte: new Date(\"2026-09-15T18:28:57.150Z\"),\n          lte: new Date(\"2026-10-15T18:28:57.150Z\")\n        }\n      }\n    ]\n  },\n  select: {\n    id: true,\n    documentType: true,\n    expiryDate: true,\n    truck: {\n      select: {\n        unitNumber: true,\n        ~~~~~~~~~~\n?       id?: true,\n?       tenantId?: true,\n?       make?: true,\n?       model?: true,\n?       year?: true,\n?       vin?: true,\n?       licensePlate?: true,\n?       odometer?: true,\n?       inMaintenance?: true,\n?       documentMetadata?: true,\n?       isDispatchReady?: true,\n?       createdById?: true,\n?       updatedById?: true,\n?       createdAt?: true,\n?       updatedAt?: true,\n?       archivedAt?: true,\n?       isSample?: true,\n?       tenant?: true,\n?       createdBy?: true,\n?       updatedBy?: true,\n?       assignedRoutes?: true,\n?       documents?: true,\n?       maintenanceEvents?: true,\n?       scheduledServices?: true,\n?       gpsLocations?: true,\n?       safetyEvents?: true,\n?       fuelRecords?: true,\n?       tagAssignments?: true,\n?       loads?: true,\n?       _count?: true\n      }\n    }\n  }\n}\n\nUnknown field `unitNumber` for select statement on model `Truck`. Available options are marked with ?.","name":"PrismaClientValidationError","clientVersion":"7.6.0"}} Error [PrismaClientValidationError]: 
Invalid `prisma.document.findMany()` invocation:

{
  where: {
    AND: [
      {
        tenantId: "8c6136c4-eb7b-4a89-a524-d1d0e2c8d045"
      },
      {
        tenantId: "8c6136c4-eb7b-4a89-a524-d1d0e2c8d045",
        truckId: {
          not: null
        },
        driverId: null,
        expiryDate: {
          gte: new Date("2026-09-15T18:28:57.150Z"),
          lte: new Date("2026-10-15T18:28:57.150Z")
        }
      }
    ]
  },
  select: {
    id: true,
    documentType: true,
    expiryDate: true,
    truck: {
      select: {
        unitNumber: true,
        ~~~~~~~~~~
?       id?: true,
?       tenantId?: true,
?       make?: true,
?       model?: true,
?       year?: true,
?       vin?: true,
?       licensePlate?: true,
?       odometer?: true,
?       inMaintenance?: true,
?       documentMetadata?: true,
?       isDispatchReady?: true,
?       createdById?: true,
?       updatedById?: true,
?       createdAt?: true,
?       updatedAt?: true,
?       archivedAt?: true,
?       isSample?: true,
?       tenant?: true,
?       createdBy?: true,
?       updatedBy?: true,
?       assignedRoutes?: true,
?       documents?: true,
?       maintenanceEvents?: true,
?       scheduledServices?: true,
?       gpsLocations?: true,
?       safetyEvents?: true,
?       fuelRecords?: true,
?       tagAssignments?: true,
?       loads?: true,
?       _count?: true
      }
    }
  }
}

Unknown field `unitNumber` for select statement on model `Truck`. Available options are marked with ?.
    at ar (src\generated\prisma\runtime\client.js:14:1379)
    at zr.handleRequestError (src\generated\prisma\runtime\client.js:69:7815)
    at zr.handleAndLogRequestError (src\generated\prisma\runtime\client.js:69:7467)
    at zr.request (src\generated\prisma\runtime\client.js:69:7174)
    at async a (src\generated\prisma\runtime\client.js:79:5816)
    at async buildCompliance30DayPayload (src\lib\notifications\digests\compliance-30day-payload.ts:36:41)
    at async GET (src\app\api\cron\digest-compliance-30day\route.ts:82:27)
  12 | ...ntext;t.writeLine("[").withIndent(()=>t.writeJoined(_e,this.items).newLine()).write("]"...
  13 | ...i)?.value.asObject()?.getField(o);if(a){let l=a?.value.asObject()??new $e;l.addSuggesti...
> 14 | ...olors:r==="pretty",callArguments:u});throw new go.PrismaClientValidationError(c,{client...
     |                                               ^
  15 | ...)\))?@)?(\S.*?):(\d+)(?::(\d+))?\s*$/i;function _c(e){var t=Mc.exec(e);return t?{file:t...
  16 | ...
  17 | ... {
  clientVersion: '7.6.0'
}
[2026-09-15T18:28:58.083Z] ERROR: [CRON] digest-compliance-30day: owner d27660ff-feef-43dd-b22c-07ee74b9ee01 failed {"tenantId":"b5623cdd-dc19-4900-b75d-0ecfcaf191b8","scope":"owner:d27660ff-feef-43dd-b22c-07ee74b9ee01","err":{"stack":"PrismaClientValidationError: \nInvalid `prisma.document.findMany()` invocation:\n\n{\n  where: {\n    AND: [","message":"\nInvalid `prisma.document.findMany()` invocation:\n\n{\n  where: {\n    AND: [\n      {\n        tenantId: \"b5623cdd-dc19-4900-b75d-0ecfcaf191b8\"\n      },\n      {\n        tenantId: \"b5623cdd-dc19-4900-b75d-0ecfcaf191b8\",\n        truckId: {\n          not: null\n        },\n        driverId: null,\n        expiryDate: {\n          gte: new Date(\"2026-09-15T18:28:58.075Z\"),\n          lte: new Date(\"2026-10-15T18:28:58.075Z\")\n        }\n      }\n    ]\n  },\n  select: {\n    id: true,\n    documentType: true,\n    expiryDate: true,\n    truck: {\n      select: {\n        unitNumber: true,\n        ~~~~~~~~~~\n?       id?: true,\n?       tenantId?: true,\n?       make?: true,\n?       model?: true,\n?       year?: true,\n?       vin?: true,\n?       licensePlate?: true,\n?       odometer?: true,\n?       inMaintenance?: true,\n?       documentMetadata?: true,\n?       isDispatchReady?: true,\n?       createdById?: true,\n?       updatedById?: true,\n?       createdAt?: true,\n?       updatedAt?: true,\n?       archivedAt?: true,\n?       isSample?: true,\n?       tenant?: true,\n?       createdBy?: true,\n?       updatedBy?: true,\n?       assignedRoutes?: true,\n?       documents?: true,\n?       maintenanceEvents?: true,\n?       scheduledServices?: true,\n?       gpsLocations?: true,\n?       safetyEvents?: true,\n?       fuelRecords?: true,\n?       tagAssignments?: true,\n?       loads?: true,\n?       _count?: true\n      }\n    }\n  }\n}\n\nUnknown field `unitNumber` for select statement on model `Truck`. Available options are marked with ?.","name":"PrismaClientValidationError","clientVersion":"7.6.0"}} Error [PrismaClientValidationError]: 
Invalid `prisma.document.findMany()` invocation:

{
  where: {
    AND: [
      {
        tenantId: "b5623cdd-dc19-4900-b75d-0ecfcaf191b8"
      },
      {
        tenantId: "b5623cdd-dc19-4900-b75d-0ecfcaf191b8",
        truckId: {
          not: null
        },
        driverId: null,
        expiryDate: {
          gte: new Date("2026-09-15T18:28:58.075Z"),
          lte: new Date("2026-10-15T18:28:58.075Z")
        }
      }
    ]
  },
  select: {
    id: true,
    documentType: true,
    expiryDate: true,
    truck: {
      select: {
        unitNumber: true,
        ~~~~~~~~~~
?       id?: true,
?       tenantId?: true,
?       make?: true,
?       model?: true,
?       year?: true,
?       vin?: true,
?       licensePlate?: true,
?       odometer?: true,
?       inMaintenance?: true,
?       documentMetadata?: true,
?       isDispatchReady?: true,
?       createdById?: true,
?       updatedById?: true,
?       createdAt?: true,
?       updatedAt?: true,
?       archivedAt?: true,
?       isSample?: true,
?       tenant?: true,
?       createdBy?: true,
?       updatedBy?: true,
?       assignedRoutes?: true,
?       documents?: true,
?       maintenanceEvents?: true,
?       scheduledServices?: true,
?       gpsLocations?: true,
?       safetyEvents?: true,
?       fuelRecords?: true,
?       tagAssignments?: true,
?       loads?: true,
?       _count?: true
      }
    }
  }
}

Unknown field `unitNumber` for select statement on model `Truck`. Available options are marked with ?.
    at ar (src\generated\prisma\runtime\client.js:14:1379)
    at zr.handleRequestError (src\generated\prisma\runtime\client.js:69:7815)
    at zr.handleAndLogRequestError (src\generated\prisma\runtime\client.js:69:7467)
    at zr.request (src\generated\prisma\runtime\client.js:69:7174)
    at async a (src\generated\prisma\runtime\client.js:79:5816)
    at async buildCompliance30DayPayload (src\lib\notifications\digests\compliance-30day-payload.ts:36:41)
    at async GET (src\app\api\cron\digest-compliance-30day\route.ts:82:27)
  12 | ...ntext;t.writeLine("[").withIndent(()=>t.writeJoined(_e,this.items).newLine()).write("]"...
  13 | ...i)?.value.asObject()?.getField(o);if(a){let l=a?.value.asObject()??new $e;l.addSuggesti...
> 14 | ...olors:r==="pretty",callArguments:u});throw new go.PrismaClientValidationError(c,{client...
     |                                               ^
  15 | ...)\))?@)?(\S.*?):(\d+)(?::(\d+))?\s*$/i;function _c(e){var t=Mc.exec(e);return t?{file:t...
  16 | ...
  17 | ... {
  clientVersion: '7.6.0'
}
[2026-09-15T18:28:58.163Z] ERROR: [CRON] digest-compliance-30day: owner 564681c6-db94-45fa-b64d-7e037c40ca31 failed {"tenantId":"b5623cdd-dc19-4900-b75d-0ecfcaf191b8","scope":"owner:564681c6-db94-45fa-b64d-7e037c40ca31","err":{"stack":"PrismaClientValidationError: \nInvalid `prisma.document.findMany()` invocation:\n\n{\n  where: {\n    AND: [","message":"\nInvalid `prisma.document.findMany()` invocation:\n\n{\n  where: {\n    AND: [\n      {\n        tenantId: \"b5623cdd-dc19-4900-b75d-0ecfcaf191b8\"\n      },\n      {\n        tenantId: \"b5623cdd-dc19-4900-b75d-0ecfcaf191b8\",\n        truckId: {\n          not: null\n        },\n        driverId: null,\n        expiryDate: {\n          gte: new Date(\"2026-09-15T18:28:58.160Z\"),\n          lte: new Date(\"2026-10-15T18:28:58.160Z\")\n        }\n      }\n    ]\n  },\n  select: {\n    id: true,\n    documentType: true,\n    expiryDate: true,\n    truck: {\n      select: {\n        unitNumber: true,\n        ~~~~~~~~~~\n?       id?: true,\n?       tenantId?: true,\n?       make?: true,\n?       model?: true,\n?       year?: true,\n?       vin?: true,\n?       licensePlate?: true,\n?       odometer?: true,\n?       inMaintenance?: true,\n?       documentMetadata?: true,\n?       isDispatchReady?: true,\n?       createdById?: true,\n?       updatedById?: true,\n?       createdAt?: true,\n?       updatedAt?: true,\n?       archivedAt?: true,\n?       isSample?: true,\n?       tenant?: true,\n?       createdBy?: true,\n?       updatedBy?: true,\n?       assignedRoutes?: true,\n?       documents?: true,\n?       maintenanceEvents?: true,\n?       scheduledServices?: true,\n?       gpsLocations?: true,\n?       safetyEvents?: true,\n?       fuelRecords?: true,\n?       tagAssignments?: true,\n?       loads?: true,\n?       _count?: true\n      }\n    }\n  }\n}\n\nUnknown field `unitNumber` for select statement on model `Truck`. Available options are marked with ?.","name":"PrismaClientValidationError","clientVersion":"7.6.0"}} Error [PrismaClientValidationError]: 
Invalid `prisma.document.findMany()` invocation:

{
  where: {
    AND: [
      {
        tenantId: "b5623cdd-dc19-4900-b75d-0ecfcaf191b8"
      },
      {
        tenantId: "b5623cdd-dc19-4900-b75d-0ecfcaf191b8",
        truckId: {
          not: null
        },
        driverId: null,
        expiryDate: {
          gte: new Date("2026-09-15T18:28:58.160Z"),
          lte: new Date("2026-10-15T18:28:58.160Z")
        }
      }
    ]
  },
  select: {
    id: true,
    documentType: true,
    expiryDate: true,
    truck: {
      select: {
        unitNumber: true,
        ~~~~~~~~~~
?       id?: true,
?       tenantId?: true,
?       make?: true,
?       model?: true,
?       year?: true,
?       vin?: true,
?       licensePlate?: true,
?       odometer?: true,
?       inMaintenance?: true,
?       documentMetadata?: true,
?       isDispatchReady?: true,
?       createdById?: true,
?       updatedById?: true,
?       createdAt?: true,
?       updatedAt?: true,
?       archivedAt?: true,
?       isSample?: true,
?       tenant?: true,
?       createdBy?: true,
?       updatedBy?: true,
?       assignedRoutes?: true,
?       documents?: true,
?       maintenanceEvents?: true,
?       scheduledServices?: true,
?       gpsLocations?: true,
?       safetyEvents?: true,
?       fuelRecords?: true,
?       tagAssignments?: true,
?       loads?: true,
?       _count?: true
      }
    }
  }
}

Unknown field `unitNumber` for select statement on model `Truck`. Available options are marked with ?.
    at ar (src\generated\prisma\runtime\client.js:14:1379)
    at zr.handleRequestError (src\generated\prisma\runtime\client.js:69:7815)
    at zr.handleAndLogRequestError (src\generated\prisma\runtime\client.js:69:7467)
    at zr.request (src\generated\prisma\runtime\client.js:69:7174)
    at async a (src\generated\prisma\runtime\client.js:79:5816)
    at async buildCompliance30DayPayload (src\lib\notifications\digests\compliance-30day-payload.ts:36:41)
    at async GET (src\app\api\cron\digest-compliance-30day\route.ts:82:27)
  12 | ...ntext;t.writeLine("[").withIndent(()=>t.writeJoined(_e,this.items).newLine()).write("]"...
  13 | ...i)?.value.asObject()?.getField(o);if(a){let l=a?.value.asObject()??new $e;l.addSuggesti...
> 14 | ...olors:r==="pretty",callArguments:u});throw new go.PrismaClientValidationError(c,{client...
     |                                               ^
  15 | ...)\))?@)?(\S.*?):(\d+)(?::(\d+))?\s*$/i;function _c(e){var t=Mc.exec(e);return t?{file:t...
  16 | ...
  17 | ... {
  clientVersion: '7.6.0'
}
[2026-09-15T18:28:58.242Z] INFO: [CRON] digest-compliance-30day: Completed {"success":false,"processedTenants":2,"sent":0,"skipped":0,"failed":3,"failureCount":3,"failures":[{"scope":"owner:00dc04fb-dff5-441c-824b-d11c64d560af","message":"\nInvalid `prisma.document.findMany()` invocation:\n\n{\n  where: {\n    AND: [\n      {\n        tenantId: \"8c6136c4-eb7b-4a89-a524-d1d0e2c8d045\"\n      },\n      {\n        tenantId: \"8c6136c4-eb7b-4a89-a524-d1d0e2c8d045\",\n        truckId: {\n          not: null\n        },\n        driverId: null,\n        expiryDate: {\n          gte: new Date(\"2026-09-15T18:28:57.150Z\"),\n          lte: new Date(\"2026-10-15T18:28:57.150Z\")\n        }\n      }\n    ]\n  },\n  select: {\n    id: true,\n    documentType: true,\n    expiryDate: true,\n    truck: {\n      select: {\n        unitNumber: true,\n        ~~~~~~~~~~\n?       id?: true,\n?       tenantId?: true,\n?       make?: true,\n?       model?: true,\n?       year?: true,\n?       vin?: true,\n?       licensePlate?: true,\n?       odometer?: true,\n?       inMaintenance?: true,\n?       documentMetadata?: true,\n?       isDispatchReady?: true,\n?       createdById?: true,\n?       updatedById?: true,\n?       createdAt?: true,\n?       updatedAt?: true,\n?       archivedAt?: true,\n?       isSample?: true,\n?       tenant?: true,\n?       createdBy?: true,\n?       updatedBy?: true,\n?       assignedRoutes?: true,\n?       documents?: true,\n?       maintenanceEvents?: true,\n?       scheduledServices?: true,\n?       gpsLocations?: true,\n?       safetyEvents?: true,\n?       fuelRecords?: true,\n?       tagAssignments?: true,\n?       loads?: true,\n?       _count?: true\n      }\n    }\n  }\n}\n\nUnknown field `unitNumber` for select statement on model `Truck`. Available options are marked with ?."},{"scope":"owner:d27660ff-feef-43dd-b22c-07ee74b9ee01","message":"\nInvalid `prisma.document.findMany()` invocation:\n\n{\n  where: {\n    AND: [\n      {\n        tenantId: \"b5623cdd-dc19-4900-b75d-0ecfcaf191b8\"\n      },\n      {\n        tenantId: \"b5623cdd-dc19-4900-b75d-0ecfcaf191b8\",\n        truckId: {\n          not: null\n        },\n        driverId: null,\n        expiryDate: {\n          gte: new Date(\"2026-09-15T18:28:58.075Z\"),\n          lte: new Date(\"2026-10-15T18:28:58.075Z\")\n        }\n      }\n    ]\n  },\n  select: {\n    id: true,\n    documentType: true,\n    expiryDate: true,\n    truck: {\n      select: {\n        unitNumber: true,\n        ~~~~~~~~~~\n?       id?: true,\n?       tenantId?: true,\n?       make?: true,\n?       model?: true,\n?       year?: true,\n?       vin?: true,\n?       licensePlate?: true,\n?       odometer?: true,\n?       inMaintenance?: true,\n?       documentMetadata?: true,\n?       isDispatchReady?: true,\n?       createdById?: true,\n?       updatedById?: true,\n?       createdAt?: true,\n?       updatedAt?: true,\n?       archivedAt?: true,\n?       isSample?: true,\n?       tenant?: true,\n?       createdBy?: true,\n?       updatedBy?: true,\n?       assignedRoutes?: true,\n?       documents?: true,\n?       maintenanceEvents?: true,\n?       scheduledServices?: true,\n?       gpsLocations?: true,\n?       safetyEvents?: true,\n?       fuelRecords?: true,\n?       tagAssignments?: true,\n?       loads?: true,\n?       _count?: true\n      }\n    }\n  }\n}\n\nUnknown field `unitNumber` for select statement on model `Truck`. Available options are marked with ?."},{"scope":"owner:564681c6-db94-45fa-b64d-7e037c40ca31","message":"\nInvalid `prisma.document.findMany()` invocation:\n\n{\n  where: {\n    AND: [\n      {\n        tenantId: \"b5623cdd-dc19-4900-b75d-0ecfcaf191b8\"\n      },\n      {\n        tenantId: \"b5623cdd-dc19-4900-b75d-0ecfcaf191b8\",\n        truckId: {\n          not: null\n        },\n        driverId: null,\n        expiryDate: {\n          gte: new Date(\"2026-09-15T18:28:58.160Z\"),\n          lte: new Date(\"2026-10-15T18:28:58.160Z\")\n        }\n      }\n    ]\n  },\n  select: {\n    id: true,\n    documentType: true,\n    expiryDate: true,\n    truck: {\n      select: {\n        unitNumber: true,\n        ~~~~~~~~~~\n?       id?: true,\n?       tenantId?: true,\n?       make?: true,\n?       model?: true,\n?       year?: true,\n?       vin?: true,\n?       licensePlate?: true,\n?       odometer?: true,\n?       inMaintenance?: true,\n?       documentMetadata?: true,\n?       isDispatchReady?: true,\n?       createdById?: true,\n?       updatedById?: true,\n?       createdAt?: true,\n?       updatedAt?: true,\n?       archivedAt?: true,\n?       isSample?: true,\n?       tenant?: true,\n?       createdBy?: true,\n?       updatedBy?: true,\n?       assignedRoutes?: true,\n?       documents?: true,\n?       maintenanceEvents?: true,\n?       scheduledServices?: true,\n?       gpsLocations?: true,\n?       safetyEvents?: true,\n?       fuelRecords?: true,\n?       tagAssignments?: true,\n?       loads?: true,\n?       _count?: true\n      }\n    }\n  }\n}\n\nUnknown field `unitNumber` for select statement on model `Truck`. Available options are marked with ?."}]}
 GET /api/cron/digest-compliance-30day 500 in 1987ms (next.js: 324ms, proxy.ts: 8ms, application-code: 1655ms)
[2026-09-15T18:28:58.907Z] INFO: [CRON] digest-daily-driver: Starting daily driver digest
[2026-09-15T18:28:58.907Z] INFO: [admin-db] privileged query {"reason":"daily driver digest tenant sweep"}
[2026-09-15T18:28:58.991Z] INFO: [CRON] digest-daily-driver: Found 2 active tenant(s)
[2026-09-15T18:29:01.656Z] INFO: [CRON] digest-daily-driver: Completed {"success":true,"processedTenants":2,"sent":0,"skipped":5,"failed":0,"failureCount":0,"failures":[]}
 GET /api/cron/digest-daily-driver 200 in 3.1s (next.js: 284ms, proxy.ts: 6ms, application-code: 2.8s)
[2026-09-15T18:29:02.316Z] INFO: [CRON] digest-weekly-owner: Starting weekly owner digest
[2026-09-15T18:29:02.317Z] INFO: [admin-db] privileged query {"reason":"weekly owner digest tenant sweep"}
[2026-09-15T18:29:02.388Z] INFO: [CRON] digest-weekly-owner: Found 2 active tenant(s)
[2026-09-15T18:29:03.165Z] INFO: [CRON] digest-weekly-owner: Completed {"success":true,"processedTenants":2,"sent":0,"skipped":3,"failed":0,"failureCount":0,"failures":[]}
 GET /api/cron/digest-weekly-owner 200 in 1148ms (next.js: 280ms, proxy.ts: 7ms, application-code: 860ms)
[2026-09-15T18:29:03.848Z] INFO: [CRON] send-reminders: Starting daily reminder processing
[2026-09-15T18:29:03.849Z] INFO: [admin-db] privileged query {"reason":"reminders cron tenant sweep"}
[2026-09-15T18:29:03.924Z] INFO: [CRON] send-reminders: Found 2 active tenant(s)
[2026-09-15T18:29:03.925Z] INFO: [CRON] send-reminders: Processing tenant Staging Beta Logistics (8c6136c4-eb7b-4a89-a524-d1d0e2c8d045)
[2026-09-15T18:29:04.370Z] ERROR: [CRON] send-reminders: Failed to process tenant Staging Beta Logistics {"tenantName":"Staging Beta Logistics","scope":"tenant:8c6136c4-eb7b-4a89-a524-d1d0e2c8d045","err":{"stack":"PrismaClientKnownRequestError: \nInvalid `prisma.document.findMany()` invocation:\n\n\nThe column `(not available)` does not exist in the current database.\n    at zr.handleRequestError (C:\\Users\\sammy\\Projects\\DriveCommand\\apps\\web\\.next\\dev\\server\\chunks\\apps_web_src_generated_prisma_runtime_client_0nfnq3p.js:7336:19)","message":"\nInvalid `prisma.document.findMany()` invocation:\n\n\nThe column `(not available)` does not exist in the current database.","code":"P2022","meta":{"modelName":"Document","driverAdapterError":{"name":"DriverAdapterError","cause":{"originalCode":"42703","originalMessage":"column Document.loadId does not exist","kind":"ColumnNotFound"}}},"clientVersion":"7.6.0","name":"PrismaClientKnownRequestError"}} Error [PrismaClientKnownRequestError]: 
Invalid `prisma.document.findMany()` invocation:


The column `(not available)` does not exist in the current database.
    at zr.handleRequestError (src\generated\prisma\runtime\client.js:69:8172)
    at zr.handleAndLogRequestError (src\generated\prisma\runtime\client.js:69:7467)
    at zr.request (src\generated\prisma\runtime\client.js:69:7174)
    at async a (src\generated\prisma\runtime\client.js:79:5816)
    at async findExpiringDriverDocuments (src\lib\notifications\check-expiring-driver-documents.ts:34:21)
    at async GET (src\app\api\cron\send-reminders\route.ts:97:81)
  67 | ...
  68 | ...
> 69 | ...t u=s?{modelName:s,...t.meta}:t.meta;throw new w.PrismaClientKnownRequestError(l,{code:...
     |                                               ^
  70 | ...
  71 | ...
  72 | ... {
  code: 'P2022',
  meta: {
    modelName: 'Document',
    driverAdapterError: Error [DriverAdapterError]: ColumnNotFound
        at async e.interpretNode (src\generated\prisma\runtime\client.js:15:43522)
        at async e.interpretNode (src\generated\prisma\runtime\client.js:15:42651)
        at async e.interpretNode (src\generated\prisma\runtime\client.js:15:45151)
        at async e.run (src\generated\prisma\runtime\client.js:15:42242)
        at async e.execute (src\generated\prisma\runtime\client.js:61:815)
        at async qt.request (src\generated\prisma\runtime\client.js:62:2327)
        at async Object.singleLoader (src\generated\prisma\runtime\client.js:69:6569)
        at async zr.request (src\generated\prisma\runtime\client.js:69:7061)
        at async a (src\generated\prisma\runtime\client.js:79:5816)
        at async findExpiringDriverDocuments (src\lib\notifications\check-expiring-driver-documents.ts:34:21)
        at async GET (src\app\api\cron\send-reminders\route.ts:97:81)
      13 | ...
      14 | ...
    > 15 | ...r(let o of n){let s=Sa(o,r.sqlCommenter),a=await this.#l(s,r.queryable,()=>r.queryable....
         |                                               ^
      16 | ...
      17 | ...
      18 | ... {
      [cause]: [Object]
    }
  },
  clientVersion: '7.6.0'
}
[2026-09-15T18:29:04.555Z] INFO: [CRON] send-reminders: Processing tenant Staging Alpha Carriers (b5623cdd-dc19-4900-b75d-0ecfcaf191b8)
[2026-09-15T18:29:05.507Z] ERROR: [CRON] send-reminders: Failed to process tenant Staging Alpha Carriers {"tenantName":"Staging Alpha Carriers","scope":"tenant:b5623cdd-dc19-4900-b75d-0ecfcaf191b8","err":{"stack":"PrismaClientKnownRequestError: \nInvalid `prisma.document.findMany()` invocation:\n\n\nThe column `(not available)` does not exist in the current database.\n    at zr.handleRequestError (C:\\Users\\sammy\\Projects\\DriveCommand\\apps\\web\\.next\\dev\\server\\chunks\\apps_web_src_generated_prisma_runtime_client_0nfnq3p.js:7336:19)","message":"\nInvalid `prisma.document.findMany()` invocation:\n\n\nThe column `(not available)` does not exist in the current database.","code":"P2022","meta":{"modelName":"Document","driverAdapterError":{"name":"DriverAdapterError","cause":{"originalCode":"42703","originalMessage":"column Document.loadId does not exist","kind":"ColumnNotFound"}}},"clientVersion":"7.6.0","name":"PrismaClientKnownRequestError"}} Error [PrismaClientKnownRequestError]: 
Invalid `prisma.document.findMany()` invocation:


The column `(not available)` does not exist in the current database.
    at zr.handleRequestError (src\generated\prisma\runtime\client.js:69:8172)
    at zr.handleAndLogRequestError (src\generated\prisma\runtime\client.js:69:7467)
    at zr.request (src\generated\prisma\runtime\client.js:69:7174)
    at async a (src\generated\prisma\runtime\client.js:79:5816)
    at async findExpiringDriverDocuments (src\lib\notifications\check-expiring-driver-documents.ts:34:21)
    at async GET (src\app\api\cron\send-reminders\route.ts:97:81)
  67 | ...
  68 | ...
> 69 | ...t u=s?{modelName:s,...t.meta}:t.meta;throw new w.PrismaClientKnownRequestError(l,{code:...
     |                                               ^
  70 | ...
  71 | ...
  72 | ... {
  code: 'P2022',
  meta: {
    modelName: 'Document',
    driverAdapterError: Error [DriverAdapterError]: ColumnNotFound
        at async e.interpretNode (src\generated\prisma\runtime\client.js:15:43522)
        at async e.interpretNode (src\generated\prisma\runtime\client.js:15:42651)
        at async e.interpretNode (src\generated\prisma\runtime\client.js:15:45151)
        at async e.run (src\generated\prisma\runtime\client.js:15:42242)
        at async e.execute (src\generated\prisma\runtime\client.js:61:815)
        at async qt.request (src\generated\prisma\runtime\client.js:62:2327)
        at async Object.singleLoader (src\generated\prisma\runtime\client.js:69:6569)
        at async zr.request (src\generated\prisma\runtime\client.js:69:7061)
        at async a (src\generated\prisma\runtime\client.js:79:5816)
        at async findExpiringDriverDocuments (src\lib\notifications\check-expiring-driver-documents.ts:34:21)
        at async GET (src\app\api\cron\send-reminders\route.ts:97:81)
      13 | ...
      14 | ...
    > 15 | ...r(let o of n){let s=Sa(o,r.sqlCommenter),a=await this.#l(s,r.queryable,()=>r.queryable....
         |                                               ^
      16 | ...
      17 | ...
      18 | ... {
      [cause]: [Object]
    }
  },
  clientVersion: '7.6.0'
}
[2026-09-15T18:29:05.713Z] INFO: [CRON] send-reminders: Completed {"success":false,"processedTenants":0,"tenantsFound":2,"maintenance":{"sent":0,"skipped":0,"failed":0},"documents":{"sent":0,"skipped":0,"failed":0},"driverDocuments":{"sent":0,"skipped":0,"failed":0},"failureCount":2,"failures":[{"scope":"tenant:8c6136c4-eb7b-4a89-a524-d1d0e2c8d045","message":"\nInvalid `prisma.document.findMany()` invocation:\n\n\nThe column `(not available)` does not exist in the current database.","code":"P2022"},{"scope":"tenant:b5623cdd-dc19-4900-b75d-0ecfcaf191b8","message":"\nInvalid `prisma.document.findMany()` invocation:\n\n\nThe column `(not available)` does not exist in the current database.","code":"P2022"}]}
 GET /api/cron/send-reminders 500 in 2.2s (next.js: 300ms, proxy.ts: 5ms, application-code: 1872ms)
 POST /api/auth/login 200 in 1584ms (next.js: 5ms, proxy.ts: 3ms, application-code: 1576ms)
 POST /api/auth/login 200 in 756ms (next.js: 7ms, proxy.ts: 5ms, application-code: 744ms)
[2026-09-15T18:30:34.778Z] INFO: [CRON] digest-compliance-30day: Starting 30-day compliance digest
[2026-09-15T18:30:34.779Z] INFO: [admin-db] privileged query {"reason":"compliance digest tenant sweep"}
[2026-09-15T18:30:35.158Z] INFO: [CRON] digest-compliance-30day: Found 2 active tenant(s)
[2026-09-15T18:30:35.393Z] ERROR: [CRON] digest-compliance-30day: owner 00dc04fb-dff5-441c-824b-d11c64d560af failed {"tenantId":"8c6136c4-eb7b-4a89-a524-d1d0e2c8d045","scope":"owner:00dc04fb-dff5-441c-824b-d11c64d560af","err":{"stack":"PrismaClientKnownRequestError: \nInvalid `prisma.document.findMany()` invocation:\n\n\nThe column `(not available)` does not exist in the current database.\n    at zr.handleRequestError (C:\\Users\\sammy\\Projects\\DriveCommand\\apps\\web\\.next\\dev\\server\\chunks\\apps_web_src_generated_prisma_runtime_client_0nfnq3p.js:7336:19)","message":"\nInvalid `prisma.document.findMany()` invocation:\n\n\nThe column `(not available)` does not exist in the current database.","code":"P2022","meta":{"modelName":"Document","driverAdapterError":{"name":"DriverAdapterError","cause":{"originalCode":"42703","originalMessage":"column Document.expiryDate does not exist","kind":"ColumnNotFound"}}},"clientVersion":"7.6.0","name":"PrismaClientKnownRequestError"}} Error [PrismaClientKnownRequestError]: 
Invalid `prisma.document.findMany()` invocation:


The column `(not available)` does not exist in the current database.
    at zr.handleRequestError (src\generated\prisma\runtime\client.js:69:8172)
    at zr.handleAndLogRequestError (src\generated\prisma\runtime\client.js:69:7467)
    at zr.request (src\generated\prisma\runtime\client.js:69:7174)
    at async a (src\generated\prisma\runtime\client.js:79:5816)
    at async buildCompliance30DayPayload (src\lib\notifications\digests\compliance-30day-payload.ts:36:41)
    at async GET (src\app\api\cron\digest-compliance-30day\route.ts:82:27)
  67 | ...
  68 | ...
> 69 | ...t u=s?{modelName:s,...t.meta}:t.meta;throw new w.PrismaClientKnownRequestError(l,{code:...
     |                                               ^
  70 | ...
  71 | ...
  72 | ... {
  code: 'P2022',
  meta: {
    modelName: 'Document',
    driverAdapterError: Error [DriverAdapterError]: ColumnNotFound
        at async e.interpretNode (src\generated\prisma\runtime\client.js:15:43522)
        at async e.interpretNode (src\generated\prisma\runtime\client.js:15:42651)
        at async e.interpretNode (src\generated\prisma\runtime\client.js:15:45151)
        at async e.run (src\generated\prisma\runtime\client.js:15:42242)
        at async e.execute (src\generated\prisma\runtime\client.js:61:815)
        at async qt.request (src\generated\prisma\runtime\client.js:62:2327)
        at async Object.singleLoader (src\generated\prisma\runtime\client.js:69:6569)
        at async zr.request (src\generated\prisma\runtime\client.js:69:7061)
        at async a (src\generated\prisma\runtime\client.js:79:5816)
        at async buildCompliance30DayPayload (src\lib\notifications\digests\compliance-30day-payload.ts:36:41)
        at async GET (src\app\api\cron\digest-compliance-30day\route.ts:82:27)
      13 | ...
      14 | ...
    > 15 | ...r(let o of n){let s=Sa(o,r.sqlCommenter),a=await this.#l(s,r.queryable,()=>r.queryable....
         |                                               ^
      16 | ...
      17 | ...
      18 | ... {
      [cause]: [Object]
    }
  },
  clientVersion: '7.6.0'
}
[2026-09-15T18:30:37.354Z] ERROR: [CRON] digest-compliance-30day: tenant b5623cdd-dc19-4900-b75d-0ecfcaf191b8 failed {"scope":"tenant:b5623cdd-dc19-4900-b75d-0ecfcaf191b8","err":{"stack":"DriverAdapterError: tenant context is required: app.current_tenant_id is the EMPTY STRING\n    at PrismaPgAdapter.onError (C:\\Users\\sammy\\Projects\\DriveCommand\\apps\\web\\.next\\dev\\server\\chunks\\node_modules_@prisma_0hos0ie._.js:4391:15)\n    at PrismaPgAdapter.performIO (C:\\Users\\sammy\\Projects\\DriveCommand\\apps\\web\\.next\\dev\\server\\chunks\\node_modules_@prisma_0hos0ie._.js:4386:18)\n    at process.processTicksAndRejections (node:internal/process/task_queues:103:5)\n    at async PrismaPgAdapter.queryRaw (C:\\Users\\sammy\\Projects\\DriveCommand\\apps\\web\\.next\\dev\\server\\chunks\\node_modules_@prisma_0hos0ie._.js:4311:34)\n    at async e.interpretNode (C:\\Users\\sammy\\Projects\\DriveCommand\\apps\\web\\.next\\dev\\server\\chunks\\apps_web_src_generated_prisma_runtime_client_0nfnq3p.js:4701:60)","message":"tenant context is required: app.current_tenant_id is the EMPTY STRING","name":"DriverAdapterError","cause":{"originalCode":"TC001","originalMessage":"tenant context is required: app.current_tenant_id is the EMPTY STRING","kind":"postgres","code":"TC001","severity":"ERROR","message":"tenant context is required: app.current_tenant_id is the EMPTY STRING","detail":"statement: SELECT \"public\".\"User\".\"id\", \"public\".\"User\".\"email\", \"public\".\"User\".\"firstName\" FROM \"public\".\"User\" WHERE (\"public\".\"User\".\"tenantId\" = $1 AND \"public\".\"User\".\"tenantId\" = $2 AND \"public\".\"User\".\"role\" = CAST($3::text AS \"public\".\"UserRole\") AND \"public\".\"User\".\"isActive\" = $4) OFFSET $5","hint":"This statement ran with no tenant context. Acquire one (getTenantPrisma / getTenantPrismaForOrg / withTenantContext) before querying, or SET app.tenant_context_tripwire = 'off' on this connection."},"clientVersion":"7.6.0"}} Error [DriverAdapterError]: tenant context is required: app.current_tenant_id is the EMPTY STRING
    at async e.interpretNode (src\generated\prisma\runtime\client.js:15:43522)
    at async e.interpretNode (src\generated\prisma\runtime\client.js:15:45151)
    at async e.run (src\generated\prisma\runtime\client.js:15:42242)
    at async e.execute (src\generated\prisma\runtime\client.js:61:815)
    at async qt.request (src\generated\prisma\runtime\client.js:62:2327)
    at async Object.singleLoader (src\generated\prisma\runtime\client.js:69:6569)
    at async zr.request (src\generated\prisma\runtime\client.js:69:7061)
    at async a (src\generated\prisma\runtime\client.js:79:5816)
    at async GET (src\app\api\cron\digest-compliance-30day\route.ts:73:22)
  13 | ...
  14 | ...
> 15 | ...r(let o of n){let s=Sa(o,r.sqlCommenter),a=await this.#l(s,r.queryable,()=>r.queryable....
     |                                               ^
  16 | ...
  17 | ...
  18 | ... {
  clientVersion: '7.6.0',
  [cause]: {
    originalCode: 'TC001',
    originalMessage: 'tenant context is required: app.current_tenant_id is the EMPTY STRING',
    kind: 'postgres',
    code: 'TC001',
    severity: 'ERROR',
    message: 'tenant context is required: app.current_tenant_id is the EMPTY STRING',
    detail: 'statement: SELECT "public"."User"."id", "public"."User"."email", "public"."User"."firstName" FROM "public"."User" WHERE ("public"."User"."tenantId" = $1 AND "public"."User"."tenantId" = $2 AND "public"."User"."role" = CAST($3::text AS "public"."UserRole") AND "public"."User"."isActive" = $4) OFFSET $5',
    column: undefined,
    hint: "This statement ran with no tenant context. Acquire one (getTenantPrisma / getTenantPrismaForOrg / withTenantContext) before querying, or SET app.tenant_context_tripwire = 'off' on this connection."
  }
}
[2026-09-15T18:30:37.434Z] INFO: [CRON] digest-compliance-30day: Completed {"success":false,"processedTenants":2,"sent":0,"skipped":0,"failed":2,"failureCount":2,"failures":[{"scope":"owner:00dc04fb-dff5-441c-824b-d11c64d560af","message":"\nInvalid `prisma.document.findMany()` invocation:\n\n\nThe column `(not available)` does not exist in the current database.","code":"P2022"},{"scope":"tenant:b5623cdd-dc19-4900-b75d-0ecfcaf191b8","message":"tenant context is required: app.current_tenant_id is the EMPTY STRING"}]}
 GET /api/cron/digest-compliance-30day 500 in 3.0s (next.js: 303ms, proxy.ts: 7ms, application-code: 2.7s)
[2026-09-15T18:30:38.100Z] INFO: [CRON] digest-daily-driver: Starting daily driver digest
[2026-09-15T18:30:38.101Z] INFO: [admin-db] privileged query {"reason":"daily driver digest tenant sweep"}
[2026-09-15T18:30:38.173Z] INFO: [CRON] digest-daily-driver: Found 2 active tenant(s)
[2026-09-15T18:30:40.012Z] INFO: [CRON] digest-daily-driver: Completed {"success":true,"processedTenants":2,"sent":0,"skipped":5,"failed":0,"failureCount":0,"failures":[]}
 GET /api/cron/digest-daily-driver 200 in 2.2s (next.js: 282ms, proxy.ts: 6ms, application-code: 1919ms)
[2026-09-15T18:30:40.663Z] INFO: [CRON] digest-weekly-owner: Starting weekly owner digest
[2026-09-15T18:30:40.664Z] INFO: [admin-db] privileged query {"reason":"weekly owner digest tenant sweep"}
[2026-09-15T18:30:40.736Z] INFO: [CRON] digest-weekly-owner: Found 2 active tenant(s)
[2026-09-15T18:30:41.473Z] INFO: [CRON] digest-weekly-owner: Completed {"success":true,"processedTenants":2,"sent":0,"skipped":3,"failed":0,"failureCount":0,"failures":[]}
 GET /api/cron/digest-weekly-owner 200 in 1099ms (next.js: 277ms, proxy.ts: 6ms, application-code: 817ms)
[2026-09-15T18:30:41.862Z] INFO: [CRON] send-reminders: Starting daily reminder processing
[2026-09-15T18:30:41.862Z] INFO: [admin-db] privileged query {"reason":"reminders cron tenant sweep"}
[2026-09-15T18:30:41.934Z] INFO: [CRON] send-reminders: Found 2 active tenant(s)
[2026-09-15T18:30:41.935Z] INFO: [CRON] send-reminders: Processing tenant Staging Beta Logistics (8c6136c4-eb7b-4a89-a524-d1d0e2c8d045)
[2026-09-15T18:30:42.372Z] ERROR: [CRON] send-reminders: Failed to process tenant Staging Beta Logistics {"tenantName":"Staging Beta Logistics","scope":"tenant:8c6136c4-eb7b-4a89-a524-d1d0e2c8d045","err":{"stack":"PrismaClientKnownRequestError: \nInvalid `prisma.document.findMany()` invocation:\n\n\nThe column `(not available)` does not exist in the current database.\n    at zr.handleRequestError (C:\\Users\\sammy\\Projects\\DriveCommand\\apps\\web\\.next\\dev\\server\\chunks\\apps_web_src_generated_prisma_runtime_client_0nfnq3p.js:7336:19)","message":"\nInvalid `prisma.document.findMany()` invocation:\n\n\nThe column `(not available)` does not exist in the current database.","code":"P2022","meta":{"modelName":"Document","driverAdapterError":{"name":"DriverAdapterError","cause":{"originalCode":"42703","originalMessage":"column Document.loadId does not exist","kind":"ColumnNotFound"}}},"clientVersion":"7.6.0","name":"PrismaClientKnownRequestError"}} Error [PrismaClientKnownRequestError]: 
Invalid `prisma.document.findMany()` invocation:


The column `(not available)` does not exist in the current database.
    at zr.handleRequestError (src\generated\prisma\runtime\client.js:69:8172)
    at zr.handleAndLogRequestError (src\generated\prisma\runtime\client.js:69:7467)
    at zr.request (src\generated\prisma\runtime\client.js:69:7174)
    at async a (src\generated\prisma\runtime\client.js:79:5816)
    at async findExpiringDriverDocuments (src\lib\notifications\check-expiring-driver-documents.ts:34:21)
    at async GET (src\app\api\cron\send-reminders\route.ts:97:81)
  67 | ...
  68 | ...
> 69 | ...t u=s?{modelName:s,...t.meta}:t.meta;throw new w.PrismaClientKnownRequestError(l,{code:...
     |                                               ^
  70 | ...
  71 | ...
  72 | ... {
  code: 'P2022',
  meta: {
    modelName: 'Document',
    driverAdapterError: Error [DriverAdapterError]: ColumnNotFound
        at async e.interpretNode (src\generated\prisma\runtime\client.js:15:43522)
        at async e.interpretNode (src\generated\prisma\runtime\client.js:15:42651)
        at async e.interpretNode (src\generated\prisma\runtime\client.js:15:45151)
        at async e.run (src\generated\prisma\runtime\client.js:15:42242)
        at async e.execute (src\generated\prisma\runtime\client.js:61:815)
        at async qt.request (src\generated\prisma\runtime\client.js:62:2327)
        at async Object.singleLoader (src\generated\prisma\runtime\client.js:69:6569)
        at async zr.request (src\generated\prisma\runtime\client.js:69:7061)
        at async a (src\generated\prisma\runtime\client.js:79:5816)
        at async findExpiringDriverDocuments (src\lib\notifications\check-expiring-driver-documents.ts:34:21)
        at async GET (src\app\api\cron\send-reminders\route.ts:97:81)
      13 | ...
      14 | ...
    > 15 | ...r(let o of n){let s=Sa(o,r.sqlCommenter),a=await this.#l(s,r.queryable,()=>r.queryable....
         |                                               ^
      16 | ...
      17 | ...
      18 | ... {
      [cause]: [Object]
    }
  },
  clientVersion: '7.6.0'
}
[2026-09-15T18:30:42.526Z] INFO: [CRON] send-reminders: Processing tenant Staging Alpha Carriers (b5623cdd-dc19-4900-b75d-0ecfcaf191b8)
[2026-09-15T18:30:43.471Z] ERROR: [CRON] send-reminders: Failed to process tenant Staging Alpha Carriers {"tenantName":"Staging Alpha Carriers","scope":"tenant:b5623cdd-dc19-4900-b75d-0ecfcaf191b8","err":{"stack":"PrismaClientKnownRequestError: \nInvalid `prisma.document.findMany()` invocation:\n\n\nThe column `(not available)` does not exist in the current database.\n    at zr.handleRequestError (C:\\Users\\sammy\\Projects\\DriveCommand\\apps\\web\\.next\\dev\\server\\chunks\\apps_web_src_generated_prisma_runtime_client_0nfnq3p.js:7336:19)","message":"\nInvalid `prisma.document.findMany()` invocation:\n\n\nThe column `(not available)` does not exist in the current database.","code":"P2022","meta":{"modelName":"Document","driverAdapterError":{"name":"DriverAdapterError","cause":{"originalCode":"42703","originalMessage":"column Document.loadId does not exist","kind":"ColumnNotFound"}}},"clientVersion":"7.6.0","name":"PrismaClientKnownRequestError"}} Error [PrismaClientKnownRequestError]: 
Invalid `prisma.document.findMany()` invocation:


The column `(not available)` does not exist in the current database.
    at zr.handleRequestError (src\generated\prisma\runtime\client.js:69:8172)
    at zr.handleAndLogRequestError (src\generated\prisma\runtime\client.js:69:7467)
    at zr.request (src\generated\prisma\runtime\client.js:69:7174)
    at async a (src\generated\prisma\runtime\client.js:79:5816)
    at async findExpiringDriverDocuments (src\lib\notifications\check-expiring-driver-documents.ts:34:21)
    at async GET (src\app\api\cron\send-reminders\route.ts:97:81)
  67 | ...
  68 | ...
> 69 | ...t u=s?{modelName:s,...t.meta}:t.meta;throw new w.PrismaClientKnownRequestError(l,{code:...
     |                                               ^
  70 | ...
  71 | ...
  72 | ... {
  code: 'P2022',
  meta: {
    modelName: 'Document',
    driverAdapterError: Error [DriverAdapterError]: ColumnNotFound
        at async e.interpretNode (src\generated\prisma\runtime\client.js:15:43522)
        at async e.interpretNode (src\generated\prisma\runtime\client.js:15:42651)
        at async e.interpretNode (src\generated\prisma\runtime\client.js:15:45151)
        at async e.run (src\generated\prisma\runtime\client.js:15:42242)
        at async e.execute (src\generated\prisma\runtime\client.js:61:815)
        at async qt.request (src\generated\prisma\runtime\client.js:62:2327)
        at async Object.singleLoader (src\generated\prisma\runtime\client.js:69:6569)
        at async zr.request (src\generated\prisma\runtime\client.js:69:7061)
        at async a (src\generated\prisma\runtime\client.js:79:5816)
        at async findExpiringDriverDocuments (src\lib\notifications\check-expiring-driver-documents.ts:34:21)
        at async GET (src\app\api\cron\send-reminders\route.ts:97:81)
      13 | ...
      14 | ...
    > 15 | ...r(let o of n){let s=Sa(o,r.sqlCommenter),a=await this.#l(s,r.queryable,()=>r.queryable....
         |                                               ^
      16 | ...
      17 | ...
      18 | ... {
      [cause]: [Object]
    }
  },
  clientVersion: '7.6.0'
}
[2026-09-15T18:30:43.630Z] INFO: [CRON] send-reminders: Completed {"success":false,"processedTenants":0,"tenantsFound":2,"maintenance":{"sent":0,"skipped":0,"failed":0},"documents":{"sent":0,"skipped":0,"failed":0},"driverDocuments":{"sent":0,"skipped":0,"failed":0},"failureCount":2,"failures":[{"scope":"tenant:8c6136c4-eb7b-4a89-a524-d1d0e2c8d045","message":"\nInvalid `prisma.document.findMany()` invocation:\n\n\nThe column `(not available)` does not exist in the current database.","code":"P2022"},{"scope":"tenant:b5623cdd-dc19-4900-b75d-0ecfcaf191b8","message":"\nInvalid `prisma.document.findMany()` invocation:\n\n\nThe column `(not available)` does not exist in the current database.","code":"P2022"}]}
 GET /api/cron/send-reminders 500 in 1790ms (next.js: 6ms, proxy.ts: 5ms, application-code: 1779ms)
✓ Compiled in 808ms
✓ Compiled in 308ms
✓ Compiled in 235ms
✓ Compiled in 207ms
✓ Compiled in 335ms
 POST /api/auth/login 200 in 6.5s (next.js: 4.3s, proxy.ts: 669ms, application-code: 1584ms)
 GET /documents 200 in 7.0s (next.js: 3.5s, proxy.ts: 141ms, application-code: 3.3s)
 POST /api/auth/login 200 in 882ms (next.js: 3ms, proxy.ts: 2ms, application-code: 877ms)
 GET /documents 200 in 547ms (next.js: 10ms, proxy.ts: 206ms, application-code: 331ms)
 POST /api/auth/login 200 in 1540ms (next.js: 3ms, proxy.ts: 4ms, application-code: 1533ms)
 POST /api/auth/login 200 in 818ms (next.js: 6ms, proxy.ts: 6ms, application-code: 806ms)
 GET /carrier/trips 200 in 3.6s (next.js: 1268ms, proxy.ts: 216ms, application-code: 2.2s)
 GET /documents 200 in 703ms (next.js: 12ms, proxy.ts: 137ms, application-code: 555ms)
[2026-09-15T18:42:06.560Z] INFO: [CRON] digest-compliance-30day: Starting 30-day compliance digest
[2026-09-15T18:42:06.561Z] INFO: [admin-db] privileged query {"reason":"compliance digest tenant sweep"}
[2026-09-15T18:42:06.949Z] INFO: [CRON] digest-compliance-30day: Found 2 active tenant(s)
[2026-09-15T18:42:08.340Z] INFO: [CRON] digest-compliance-30day: Completed {"success":true,"processedTenants":2,"sent":0,"skipped":3,"failed":0,"failureCount":0,"failures":[]}
 GET /api/cron/digest-compliance-30day 200 in 4.1s (next.js: 2.2s, proxy.ts: 6ms, application-code: 1825ms)
[2026-09-15T18:42:09.245Z] INFO: [CRON] send-reminders: Starting daily reminder processing
[2026-09-15T18:42:09.246Z] INFO: [admin-db] privileged query {"reason":"reminders cron tenant sweep"}
[2026-09-15T18:42:09.318Z] INFO: [CRON] send-reminders: Found 2 active tenant(s)
[2026-09-15T18:42:09.319Z] INFO: [CRON] send-reminders: Processing tenant Staging Beta Logistics (8c6136c4-eb7b-4a89-a524-d1d0e2c8d045)
[2026-09-15T18:42:09.903Z] INFO: [CRON] send-reminders: Found 0 upcoming maintenance item(s)
[2026-09-15T18:42:09.904Z] INFO: [CRON] send-reminders: Found 0 expiring document(s)
[2026-09-15T18:42:09.904Z] INFO: [CRON] send-reminders: Found 0 expiring driver document(s)
[2026-09-15T18:42:09.904Z] INFO: [CRON] send-reminders: Processing tenant Staging Alpha Carriers (b5623cdd-dc19-4900-b75d-0ecfcaf191b8)
[2026-09-15T18:42:10.480Z] INFO: [CRON] send-reminders: Found 0 upcoming maintenance item(s)
[2026-09-15T18:42:10.481Z] INFO: [CRON] send-reminders: Found 0 expiring document(s)
[2026-09-15T18:42:10.481Z] INFO: [CRON] send-reminders: Found 0 expiring driver document(s)
[2026-09-15T18:42:10.482Z] INFO: [CRON] send-reminders: Completed {"success":true,"processedTenants":2,"tenantsFound":2,"maintenance":{"sent":0,"skipped":0,"failed":0},"documents":{"sent":0,"skipped":0,"failed":0},"driverDocuments":{"sent":0,"skipped":0,"failed":0},"failureCount":0,"failures":[]}
 GET /api/cron/send-reminders 200 in 1780ms (next.js: 496ms, proxy.ts: 6ms, application-code: 1278ms)
[2026-09-15T18:50:12.026Z] INFO: [CRON] purge-deleted: Starting
[2026-09-15T18:50:12.027Z] INFO: [admin-db] privileged query {"reason":"soft-delete purge tenant sweep"}
[2026-09-15T18:50:12.462Z] INFO: [CRON] purge-deleted: 2 active tenant(s)
[2026-09-15T18:50:13.081Z] INFO: [CRON] purge-deleted: Purged 1 CarrierLoad records {"tenantId":"8c6136c4-eb7b-4a89-a524-d1d0e2c8d045"}
[2026-09-15T18:50:13.679Z] INFO: [CRON] purge-deleted: Purged 1 CarrierLoad records {"tenantId":"b5623cdd-dc19-4900-b75d-0ecfcaf191b8"}
[2026-09-15T18:50:14.115Z] INFO: [CRON] purge-deleted: Completed {"totalPurged":2,"tenantsProcessed":2,"tenantsFound":2,"results":{"CarrierLoad":2,"Trip":0,"CarrierContract":0,"CarrierClient":0,"CarrierDriver":0,"CarrierTruck":0,"Route":0},"failureCount":0,"failures":[]}
 GET /api/cron/purge-deleted 200 in 2.5s (next.js: 371ms, proxy.ts: 27ms, application-code: 2.1s)
 POST /api/auth/login 200 in 1799ms (next.js: 83ms, proxy.ts: 6ms, application-code: 1711ms)
 POST /api/auth/login 200 in 968ms (next.js: 6ms, proxy.ts: 6ms, application-code: 956ms)
[2026-09-15T18:50:30.884Z] INFO: [CRON] carrier-auto-dispatch: Starting nightly dispatch generation
[2026-09-15T18:50:30.885Z] INFO: [admin-db] privileged query {"reason":"auto-dispatch generation tenant sweep"}
[2026-09-15T18:50:31.268Z] ERROR: [CRON] carrier-auto-dispatch: Failed to fetch tenants Error [DriverAdapterError]: permission denied for table route_templates
    at async e.interpretNode (src\generated\prisma\runtime\client.js:15:43522)
    at async e.interpretNode (src\generated\prisma\runtime\client.js:15:45151)
    at async e.run (src\generated\prisma\runtime\client.js:15:42242)
    at async e.execute (src\generated\prisma\runtime\client.js:61:815)
    at async qt.request (src\generated\prisma\runtime\client.js:62:2327)
    at async Object.singleLoader (src\generated\prisma\runtime\client.js:69:6569)
    at async zr.request (src\generated\prisma\runtime\client.js:69:7061)
    at async a (src\generated\prisma\runtime\client.js:79:5816)
    at async GET (src\app\api\cron\carrier-auto-dispatch\route.ts:61:15)
  13 | ...
  14 | ...
> 15 | ...r(let o of n){let s=Sa(o,r.sqlCommenter),a=await this.#l(s,r.queryable,()=>r.queryable....
     |                                               ^
  16 | ...
  17 | ...
  18 | ... {
  clientVersion: '7.6.0',
  [cause]: {
    originalCode: '42501',
    originalMessage: 'permission denied for table route_templates',
    kind: 'postgres',
    code: '42501',
    severity: 'ERROR',
    message: 'permission denied for table route_templates',
    detail: undefined,
    column: undefined,
    hint: undefined
  }
}
 GET /api/cron/carrier-auto-dispatch 500 in 934ms (next.js: 409ms, proxy.ts: 5ms, application-code: 520ms)
[2026-09-15T18:50:32.180Z] INFO: [CRON] carrier-compliance-alerts: Starting daily compliance check
[2026-09-15T18:50:32.181Z] INFO: [admin-db] privileged query {"reason":"compliance alert tenant sweep"}
[2026-09-15T18:50:32.545Z] INFO: [CRON] carrier-compliance-alerts: Found 2 active tenant(s)
[2026-09-15T18:50:33.018Z] INFO: [CRON] carrier-compliance-alerts: Tenant Staging Beta Logistics (8c6136c4-eb7b-4a89-a524-d1d0e2c8d045) — 0 alert(s) found
[2026-09-15T18:50:33.462Z] INFO: [CRON] carrier-compliance-alerts: Tenant Staging Alpha Carriers (b5623cdd-dc19-4900-b75d-0ecfcaf191b8) — 0 alert(s) found
[2026-09-15T18:50:33.463Z] INFO: [CRON] carrier-compliance-alerts: Completed {"orgs_processed":2,"total_alerts_found":0,"failureCount":0,"failures":[]}
 GET /api/cron/carrier-compliance-alerts 200 in 1726ms (next.js: 396ms, proxy.ts: 7ms, application-code: 1323ms)
[2026-09-15T18:50:33.859Z] INFO: [CRON] purge-deleted: Starting
[2026-09-15T18:50:33.860Z] INFO: [admin-db] privileged query {"reason":"soft-delete purge tenant sweep"}
[2026-09-15T18:50:33.932Z] INFO: [CRON] purge-deleted: 2 active tenant(s)
[2026-09-15T18:50:35.104Z] INFO: [CRON] purge-deleted: Completed {"totalPurged":0,"tenantsProcessed":2,"tenantsFound":2,"results":{"CarrierLoad":0,"Trip":0,"CarrierContract":0,"CarrierClient":0,"CarrierDriver":0,"CarrierTruck":0,"Route":0},"failureCount":0,"failures":[]}
 GET /api/cron/purge-deleted 200 in 1272ms (next.js: 8ms, proxy.ts: 5ms, application-code: 1259ms)
[2026-09-15T18:50:35.858Z] INFO: [admin-db] privileged query {"reason":"trip reminder tenant sweep"}
[2026-09-15T18:50:36.797Z] INFO: [CRON] trip-reminders: done {"tenantsProcessed":2,"tenantsFailed":0,"remindersSent":0,"failureCount":0,"failures":[]}
 GET /api/cron/trip-reminders 200 in 1336ms (next.js: 350ms, proxy.ts: 5ms, application-code: 981ms)
[2026-09-15T18:50:37.534Z] INFO: [CRON] workflow-notifications: Starting sweep
[2026-09-15T18:50:37.535Z] INFO: [admin-db] privileged query {"reason":"workflow overdue-step sweep"}
[2026-09-15T18:50:37.680Z] INFO: [CRON] workflow-notifications: Found 0 overdue step(s)
[2026-09-15T18:50:37.681Z] INFO: [admin-db] privileged query {"reason":"workflow blocked-instance sweep"}
[2026-09-15T18:50:37.756Z] INFO: [CRON] workflow-notifications: Found 0 instance(s) blocked >48h needing email escalation
[2026-09-15T18:50:37.757Z] INFO: [CRON] workflow-notifications: Completed {"stats":{"overdueSent":0,"overdueErrors":0,"blockedEmailsSent":0,"blockedEmailErrors":0,"sweepsFailed":0},"failureCount":0,"failures":[]}
 GET /api/cron/workflow-notifications 200 in 586ms (next.js: 320ms, proxy.ts: 6ms, application-code: 260ms)
[2026-09-15T18:52:25.824Z] INFO: [CRON] carrier-compliance-alerts: Starting daily compliance check
[2026-09-15T18:52:25.825Z] INFO: [admin-db] privileged query {"reason":"compliance alert tenant sweep"}
[2026-09-15T18:52:26.219Z] INFO: [CRON] carrier-compliance-alerts: Found 2 active tenant(s)
[2026-09-15T18:52:28.098Z] ERROR: sendComplianceAlertNotifications: failed {"orgId":"8c6136c4-eb7b-4a89-a524-d1d0e2c8d045","err":{"stack":"Error: RESEND_API_KEY environment variable is required. Add it to .env.local — get your key from https://resend.com/api-keys\n    at Object.get (C:\\Users\\sammy\\Projects\\DriveCommand\\apps\\web\\.next\\dev\\server\\chunks\\apps_web_src_lib_11_uwd~._.js:2168:23)\n    at sendEmail (C:\\Users\\sammy\\Projects\\DriveCommand\\apps\\web\\.next\\dev\\server\\chunks\\apps_web_src_lib_11_uwd~._.js:2186:42)\n    at process.processTicksAndRejections (node:internal/process/task_queues:103:5)\n    at async sendComplianceAlertNotifications (C:\\Users\\sammy\\Projects\\DriveCommand\\apps\\web\\.next\\dev\\server\\chunks\\apps_web_src_lib_11_uwd~._.js:3449:24)\n    at async GET (C:\\Users\\sammy\\Projects\\DriveCommand\\apps\\web\\.next\\dev\\server\\chunks\\apps_web_src_app_api_cron_carrier-compliance-alerts_route_ts_0yge4xw._.js:146:21)","message":"RESEND_API_KEY environment variable is required. Add it to .env.local — get your key from https://resend.com/api-keys","name":"Error"}} Error: RESEND_API_KEY environment variable is required. Add it to .env.local — get your key from https://resend.com/api-keys
    at Object.get (src\lib\email\resend-client.ts:31:15)
    at sendEmail (src\lib\email\resend-client.ts:79:40)
    at async sendComplianceAlertNotifications (src\lib\carrier\notifications.ts:738:20)
    at async GET (src\app\api\cron\carrier-compliance-alerts\route.ts:122:11)
  29 |       const apiKey = process.env.RESEND_API_KEY;
  30 |       if (!apiKey) {
> 31 |         throw new Error('RESEND_API_KEY environment variable is required. Add it to .env.l...
     |               ^
  32 |       }
  33 |       _resendClient = new Resend(apiKey);
  34 |     }
[2026-09-15T18:52:28.220Z] INFO: [CRON] carrier-compliance-alerts: Tenant Staging Beta Logistics (8c6136c4-eb7b-4a89-a524-d1d0e2c8d045) — 1 alert(s) found
[2026-09-15T18:52:29.472Z] ERROR: sendComplianceAlertNotifications: failed {"orgId":"b5623cdd-dc19-4900-b75d-0ecfcaf191b8","err":{"stack":"Error: RESEND_API_KEY environment variable is required. Add it to .env.local — get your key from https://resend.com/api-keys\n    at Object.get (C:\\Users\\sammy\\Projects\\DriveCommand\\apps\\web\\.next\\dev\\server\\chunks\\apps_web_src_lib_11_uwd~._.js:2168:23)\n    at sendEmail (C:\\Users\\sammy\\Projects\\DriveCommand\\apps\\web\\.next\\dev\\server\\chunks\\apps_web_src_lib_11_uwd~._.js:2186:42)\n    at process.processTicksAndRejections (node:internal/process/task_queues:103:5)\n    at async sendComplianceAlertNotifications (C:\\Users\\sammy\\Projects\\DriveCommand\\apps\\web\\.next\\dev\\server\\chunks\\apps_web_src_lib_11_uwd~._.js:3449:24)\n    at async GET (C:\\Users\\sammy\\Projects\\DriveCommand\\apps\\web\\.next\\dev\\server\\chunks\\apps_web_src_app_api_cron_carrier-compliance-alerts_route_ts_0yge4xw._.js:146:21)","message":"RESEND_API_KEY environment variable is required. Add it to .env.local — get your key from https://resend.com/api-keys","name":"Error"}} Error: RESEND_API_KEY environment variable is required. Add it to .env.local — get your key from https://resend.com/api-keys
    at Object.get (src\lib\email\resend-client.ts:31:15)
    at sendEmail (src\lib\email\resend-client.ts:79:40)
    at async sendComplianceAlertNotifications (src\lib\carrier\notifications.ts:738:20)
    at async GET (src\app\api\cron\carrier-compliance-alerts\route.ts:122:11)
  29 |       const apiKey = process.env.RESEND_API_KEY;
  30 |       if (!apiKey) {
> 31 |         throw new Error('RESEND_API_KEY environment variable is required. Add it to .env.l...
     |               ^
  32 |       }
  33 |       _resendClient = new Resend(apiKey);
  34 |     }
[2026-09-15T18:52:29.541Z] INFO: [CRON] carrier-compliance-alerts: Tenant Staging Alpha Carriers (b5623cdd-dc19-4900-b75d-0ecfcaf191b8) — 1 alert(s) found
[2026-09-15T18:52:29.542Z] INFO: [CRON] carrier-compliance-alerts: Completed {"orgs_processed":2,"total_alerts_found":2,"failureCount":0,"failures":[]}
 GET /api/cron/carrier-compliance-alerts 200 in 3.7s (next.js: 4ms, proxy.ts: 5ms, application-code: 3.7s)
 POST /api/auth/login 200 in 1687ms (next.js: 7ms, proxy.ts: 6ms, application-code: 1674ms)
 POST /api/auth/login 200 in 720ms (next.js: 8ms, proxy.ts: 6ms, application-code: 707ms)
[2026-09-15T18:52:53.321Z] INFO: [CRON] carrier-auto-dispatch: Starting nightly dispatch generation
[2026-09-15T18:52:53.322Z] INFO: [admin-db] privileged query {"reason":"auto-dispatch generation tenant sweep"}
[2026-09-15T18:52:53.688Z] INFO: [CRON] carrier-auto-dispatch: Found 2 active tenant(s)
[2026-09-15T18:52:53.841Z] INFO: [CRON] carrier-auto-dispatch: Processing tenant Staging Beta Logistics (8c6136c4-eb7b-4a89-a524-d1d0e2c8d045) — 1 template(s)
[2026-09-15T18:52:54.220Z] ERROR: [CRON] carrier-auto-dispatch: Template f544dab4-8521-4206-a617-ca9c28663e31 generation error {"tenantId":"8c6136c4-eb7b-4a89-a524-d1d0e2c8d045","tenantName":"Staging Beta Logistics","scope":"template:f544dab4-8521-4206-a617-ca9c28663e31","err":"Template has no recurrenceRule — nothing to generate"} Error: Template has no recurrenceRule — nothing to generate
    at Object.error (src\lib\logger.ts:52:55)
    at CronFailures.record (src\lib\cron\failure-report.ts:124:12)
    at GET (src\app\api\cron\carrier-auto-dispatch\route.ts:165:24)
  50 |   },
  51 |   error(message: string, error?: unknown, context?: Record<string, unknown>) {
> 52 |     const errorObj = error instanceof Error ? error : new Error(String(error ?? message));
     |                                                       ^
  53 |     console.error(formatMessage('error', message, context), errorObj);
  54 |     Sentry.captureException(errorObj, { extra: { ...context, originalMessage: message } });
  55 |   },
[2026-09-15T18:52:54.316Z] INFO: [CRON] carrier-auto-dispatch: Template f544dab4-8521-4206-a617-ca9c28663e31 created 0 dispatch(es), 0 load(s), 0 stop(s), skipped 0
[2026-09-15T18:52:54.462Z] INFO: [CRON] carrier-auto-dispatch: Processing tenant Staging Alpha Carriers (b5623cdd-dc19-4900-b75d-0ecfcaf191b8) — 1 template(s)
[2026-09-15T18:52:54.828Z] ERROR: [CRON] carrier-auto-dispatch: Template 893abff8-9883-44b8-ab94-31cc60bb98f0 generation error {"tenantId":"b5623cdd-dc19-4900-b75d-0ecfcaf191b8","tenantName":"Staging Alpha Carriers","scope":"template:893abff8-9883-44b8-ab94-31cc60bb98f0","err":"Template has no recurrenceRule — nothing to generate"} Error: Template has no recurrenceRule — nothing to generate
    at Object.error (src\lib\logger.ts:52:55)
    at CronFailures.record (src\lib\cron\failure-report.ts:124:12)
    at GET (src\app\api\cron\carrier-auto-dispatch\route.ts:165:24)
  50 |   },
  51 |   error(message: string, error?: unknown, context?: Record<string, unknown>) {
> 52 |     const errorObj = error instanceof Error ? error : new Error(String(error ?? message));
     |                                                       ^
  53 |     console.error(formatMessage('error', message, context), errorObj);
  54 |     Sentry.captureException(errorObj, { extra: { ...context, originalMessage: message } });
  55 |   },
[2026-09-15T18:52:54.911Z] INFO: [CRON] carrier-auto-dispatch: Template 893abff8-9883-44b8-ab94-31cc60bb98f0 created 0 dispatch(es), 0 load(s), 0 stop(s), skipped 0
[2026-09-15T18:52:54.912Z] INFO: [CRON] carrier-auto-dispatch: Completed {"orgs_processed":2,"total_dispatches_created":0,"total_loads_created":0,"total_stops_created":0,"total_errors":2,"details":[{"orgId":"8c6136c4-eb7b-4a89-a524-d1d0e2c8d045","orgName":"Staging Beta Logistics","dispatches_created":0,"loads_created":0,"stops_created":0,"errors":1},{"orgId":"b5623cdd-dc19-4900-b75d-0ecfcaf191b8","orgName":"Staging Alpha Carriers","dispatches_created":0,"loads_created":0,"stops_created":0,"errors":1}],"failureCount":2,"failures":[{"scope":"template:f544dab4-8521-4206-a617-ca9c28663e31","message":"Template has no recurrenceRule — nothing to generate"},{"scope":"template:893abff8-9883-44b8-ab94-31cc60bb98f0","message":"Template has no recurrenceRule — nothing to generate"}]}
 GET /api/cron/carrier-auto-dispatch 500 in 1920ms (next.js: 309ms, proxy.ts: 5ms, application-code: 1606ms)
[2026-09-15T18:52:55.300Z] INFO: [CRON] carrier-compliance-alerts: Starting daily compliance check
[2026-09-15T18:52:55.301Z] INFO: [admin-db] privileged query {"reason":"compliance alert tenant sweep"}
[2026-09-15T18:52:55.376Z] INFO: [CRON] carrier-compliance-alerts: Found 2 active tenant(s)
[2026-09-15T18:52:55.814Z] INFO: [CRON] carrier-compliance-alerts: Tenant Staging Beta Logistics (8c6136c4-eb7b-4a89-a524-d1d0e2c8d045) — 0 alert(s) found
[2026-09-15T18:52:56.253Z] INFO: [CRON] carrier-compliance-alerts: Tenant Staging Alpha Carriers (b5623cdd-dc19-4900-b75d-0ecfcaf191b8) — 0 alert(s) found
[2026-09-15T18:52:56.253Z] INFO: [CRON] carrier-compliance-alerts: Completed {"orgs_processed":2,"total_alerts_found":0,"failureCount":0,"failures":[]}
 GET /api/cron/carrier-compliance-alerts 200 in 978ms (next.js: 8ms, proxy.ts: 7ms, application-code: 964ms)
[2026-09-15T18:52:56.636Z] INFO: [CRON] purge-deleted: Starting
[2026-09-15T18:52:56.636Z] INFO: [admin-db] privileged query {"reason":"soft-delete purge tenant sweep"}
[2026-09-15T18:52:56.709Z] INFO: [CRON] purge-deleted: 2 active tenant(s)
[2026-09-15T18:52:57.876Z] INFO: [CRON] purge-deleted: Completed {"totalPurged":0,"tenantsProcessed":2,"tenantsFound":2,"results":{"CarrierLoad":0,"Trip":0,"CarrierContract":0,"CarrierClient":0,"CarrierDriver":0,"CarrierTruck":0,"Route":0},"failureCount":0,"failures":[]}
 GET /api/cron/purge-deleted 200 in 1262ms (next.js: 6ms, proxy.ts: 5ms, application-code: 1251ms)
[2026-09-15T18:52:58.270Z] INFO: [admin-db] privileged query {"reason":"trip reminder tenant sweep"}
[2026-09-15T18:52:59.213Z] INFO: [CRON] trip-reminders: done {"tenantsProcessed":2,"tenantsFailed":0,"remindersSent":0,"failureCount":0,"failures":[]}
 GET /api/cron/trip-reminders 200 in 970ms (next.js: 8ms, proxy.ts: 6ms, application-code: 956ms)
[2026-09-15T18:52:59.611Z] INFO: [CRON] workflow-notifications: Starting sweep
[2026-09-15T18:52:59.611Z] INFO: [admin-db] privileged query {"reason":"workflow overdue-step sweep"}
[2026-09-15T18:52:59.758Z] INFO: [CRON] workflow-notifications: Found 0 overdue step(s)
[2026-09-15T18:52:59.759Z] INFO: [admin-db] privileged query {"reason":"workflow blocked-instance sweep"}
[2026-09-15T18:52:59.833Z] INFO: [CRON] workflow-notifications: Found 0 instance(s) blocked >48h needing email escalation
[2026-09-15T18:52:59.834Z] INFO: [CRON] workflow-notifications: Completed {"stats":{"overdueSent":0,"overdueErrors":0,"blockedEmailsSent":0,"blockedEmailErrors":0,"sweepsFailed":0},"failureCount":0,"failures":[]}
 GET /api/cron/workflow-notifications 200 in 248ms (next.js: 7ms, proxy.ts: 5ms, application-code: 235ms)
○ Compiling /track/[token] ...
⨯ Error [DriverAdapterError]: tenant context is required: app.current_tenant_id is the EMPTY STRING
    at async e.interpretNode (src\generated\prisma\runtime\client.js:15:43522)
    at async e.interpretNode (src\generated\prisma\runtime\client.js:15:43962)
    at async e.interpretNode (src\generated\prisma\runtime\client.js:15:42651)
    at async e.interpretNode (src\generated\prisma\runtime\client.js:15:45151)
    at async e.run (src\generated\prisma\runtime\client.js:15:42242)
    at async e.execute (src\generated\prisma\runtime\client.js:61:815)
    at async qt.request (src\generated\prisma\runtime\client.js:62:2327)
    at async Object.singleLoader (src\generated\prisma\runtime\client.js:69:6569)
  13 | ...
  14 | ...
> 15 | ...r(let o of n){let s=Sa(o,r.sqlCommenter),a=await this.#l(s,r.queryable,()=>r.queryable....
     |                                               ^
  16 | ...
  17 | ...
  18 | ... {
  clientVersion: '7.6.0',
  digest: '8879583',
  [cause]: {
    originalCode: 'TC001',
    originalMessage: 'tenant context is required: app.current_tenant_id is the EMPTY STRING',
    kind: 'postgres',
    code: 'TC001',
    severity: 'ERROR',
    message: 'tenant context is required: app.current_tenant_id is the EMPTY STRING',
    detail: 'statement: SELECT "public"."Load"."id", "public"."Load"."tenantId", "public"."Load"."loadNumber", "public"."Load"."customerId", "public"."Load"."routeId", "public"."Load"."sequence", "public"."Load"."driverId", "public"."Load"."truckId", "public"."Load"."origin", "public"."Load"."destination", "public"."Load"."pickupDate", "public"."Load"."deliveryDate", "public"."Load"."weight", "public"."Load"."commodity", "public"."Load"."rate", "public"."Load"."status"::text, "public"."Load"."notes", "public"."Load"."pickupLat", "public"."Load"."pickupLng", "public"."Load"."deliveryLat", "public"."Load"."deliveryLng", "public"."Load"."geofenceFlags", "public"."Load"."trackingToken", "public"."Load"."createdById", "public"."Load"."updatedById", "public"."Load"."createdAt", "public"."Load"."updatedAt", "public"."Load"."archivedAt", "public"."Load"."pickupStopId", "public"."Load"."deliveryStopId", "public"."Load"."isSample" FROM "public"."Load" WHERE ("public"."Load"."trackingToken" = $1 AND 1=1) LIMIT $2 OFFSET $3',
    column: undefined,
    hint: "This statement ran with no tenant context. Acquire one (getTenantPrisma / getTenantPrismaForOrg / withTenantContext) before querying, or SET app.tenant_context_tripwire = 'off' on this connection."
  }
}
 GET /track/606-probe-token-4d2d22d7-d29 500 in 10.9s (next.js: 9.9s, proxy.ts: 3ms, application-code: 1050ms)
✓ Compiled in 254ms
✓ Compiled in 256ms
✓ Compiled in 145ms
[2026-09-15T18:58:57.083Z] INFO: [admin-db] privileged query {"reason":"public shipment tracking lookup"}
 GET /track/606-probe-token-e76eef59-afb 200 in 1308ms (next.js: 401ms, proxy.ts: 7ms, application-code: 900ms)
[2026-09-15T18:59:23.038Z] INFO: [admin-db] privileged query {"reason":"public shipment tracking lookup"}
 GET /track/606-probe-token-895090e8-13e 200 in 597ms (next.js: 19ms, proxy.ts: 3ms, application-code: 575ms)
✓ Compiled in 344ms
⨯ Error [DriverAdapterError]: tenant context is required: app.current_tenant_id is the EMPTY STRING
    at async e.interpretNode (src\generated\prisma\runtime\client.js:15:43522)
    at async e.interpretNode (src\generated\prisma\runtime\client.js:15:43962)
    at async e.interpretNode (src\generated\prisma\runtime\client.js:15:42651)
    at async e.interpretNode (src\generated\prisma\runtime\client.js:15:45151)
    at async e.run (src\generated\prisma\runtime\client.js:15:42242)
    at async e.execute (src\generated\prisma\runtime\client.js:61:815)
    at async qt.request (src\generated\prisma\runtime\client.js:62:2327)
    at async Object.singleLoader (src\generated\prisma\runtime\client.js:69:6569)
  13 | ...
  14 | ...
> 15 | ...r(let o of n){let s=Sa(o,r.sqlCommenter),a=await this.#l(s,r.queryable,()=>r.queryable....
     |                                               ^
  16 | ...
  17 | ...
  18 | ... {
  clientVersion: '7.6.0',
  digest: '8879583',
  [cause]: {
    originalCode: 'TC001',
    originalMessage: 'tenant context is required: app.current_tenant_id is the EMPTY STRING',
    kind: 'postgres',
    code: 'TC001',
    severity: 'ERROR',
    message: 'tenant context is required: app.current_tenant_id is the EMPTY STRING',
    detail: 'statement: SELECT "public"."Load"."id", "public"."Load"."tenantId", "public"."Load"."loadNumber", "public"."Load"."customerId", "public"."Load"."routeId", "public"."Load"."sequence", "public"."Load"."driverId", "public"."Load"."truckId", "public"."Load"."origin", "public"."Load"."destination", "public"."Load"."pickupDate", "public"."Load"."deliveryDate", "public"."Load"."weight", "public"."Load"."commodity", "public"."Load"."rate", "public"."Load"."status"::text, "public"."Load"."notes", "public"."Load"."pickupLat", "public"."Load"."pickupLng", "public"."Load"."deliveryLat", "public"."Load"."deliveryLng", "public"."Load"."geofenceFlags", "public"."Load"."trackingToken", "public"."Load"."createdById", "public"."Load"."updatedById", "public"."Load"."createdAt", "public"."Load"."updatedAt", "public"."Load"."archivedAt", "public"."Load"."pickupStopId", "public"."Load"."deliveryStopId", "public"."Load"."isSample" FROM "public"."Load" WHERE ("public"."Load"."trackingToken" = $1 AND 1=1) LIMIT $2 OFFSET $3',
    column: undefined,
    hint: "This statement ran with no tenant context. Acquire one (getTenantPrisma / getTenantPrismaForOrg / withTenantContext) before querying, or SET app.tenant_context_tripwire = 'off' on this connection."
  }
}
 GET /track/606-probe-token-74e7a85e-431 500 in 1286ms (next.js: 335ms, proxy.ts: 68ms, application-code: 882ms)
✓ Compiled in 220ms
 POST /api/auth/login 200 in 2.6s (next.js: 361ms, proxy.ts: 4ms, application-code: 2.2s)
 POST /api/auth/login 200 in 727ms (next.js: 5ms, proxy.ts: 8ms, application-code: 713ms)
[2026-09-15T19:01:37.913Z] INFO: [CRON] carrier-auto-dispatch: Starting nightly dispatch generation
[2026-09-15T19:01:37.914Z] INFO: [admin-db] privileged query {"reason":"auto-dispatch generation tenant sweep"}
[2026-09-15T19:01:38.293Z] INFO: [CRON] carrier-auto-dispatch: Found 2 active tenant(s)
[2026-09-15T19:01:38.600Z] INFO: [CRON] carrier-auto-dispatch: Completed {"orgs_processed":0,"total_dispatches_created":0,"total_loads_created":0,"total_stops_created":0,"total_errors":0,"details":[],"failureCount":0,"failures":[]}
 GET /api/cron/carrier-auto-dispatch 200 in 745ms (next.js: 42ms, proxy.ts: 7ms, application-code: 696ms)
